copy_id,openlibrary_work_id,barcode,status
1,OL3261151W,LIB-000001,AVAILABLE
2,OL3261151W,LIB-000002,AVAILABLE
3,OL3261151W,LIB-000003,AVAILABLE
4,OL514625W,LIB-000004,AVAILABLE
5,OL514625W,LIB-000005,AVAILABLE
6,OL514625W,LIB-000006,AVAILABLE
7,OL29239556W,LIB-000007,AVAILABLE
8,OL29239556W,LIB-000008,AVAILABLE
9,OL29239556W,LIB-000009,AVAILABLE
10,OL262438W,LIB-000010,AVAILABLE
11,OL262438W,LIB-000011,AVAILABLE
12,OL262438W,LIB-000012,AVAILABLE
13,OL20668662W,LIB-000013,AVAILABLE
14,OL20668662W,LIB-000014,AVAILABLE
15,OL20668662W,LIB-000015,AVAILABLE
16,OL5730766W,LIB-000016,AVAILABLE
17,OL5730766W,LIB-000017,AVAILABLE
18,OL5730766W,LIB-000018,AVAILABLE
19,OL892130W,LIB-000019,AVAILABLE
20,OL892130W,LIB-000020,AVAILABLE
21,OL892130W,LIB-000021,AVAILABLE
22,OL19662898W,LIB-000022,AVAILABLE
23,OL19662898W,LIB-000023,AVAILABLE
24,OL19662898W,LIB-000024,AVAILABLE
25,OL477706W,LIB-000025,AVAILABLE
26,OL477706W,LIB-000026,AVAILABLE
27,OL477706W,LIB-000027,AVAILABLE
28,OL492839W,LIB-000028,AVAILABLE
29,OL492839W,LIB-000029,AVAILABLE
30,OL492839W,LIB-000030,AVAILABLE
31,OL404539W,LIB-000031,AVAILABLE
32,OL404539W,LIB-000032,AVAILABLE
33,OL404539W,LIB-000033,AVAILABLE
34,OL20806308W,LIB-000034,AVAILABLE
35,OL20806308W,LIB-000035,AVAILABLE
36,OL20806308W,LIB-000036,AVAILABLE
37,OL3981098W,LIB-000037,AVAILABLE
38,OL3981098W,LIB-000038,AVAILABLE
39,OL3981098W,LIB-000039,AVAILABLE
40,OL19666672W,LIB-000040,AVAILABLE
41,OL19666672W,LIB-000041,AVAILABLE
42,OL19666672W,LIB-000042,AVAILABLE
43,OL17192139W,LIB-000043,AVAILABLE
44,OL17192139W,LIB-000044,AVAILABLE
45,OL17192139W,LIB-000045,AVAILABLE
46,OL8369445W,LIB-000046,AVAILABLE
47,OL8369445W,LIB-000047,AVAILABLE
48,OL8369445W,LIB-000048,AVAILABLE
49,OL18498471W,LIB-000049,AVAILABLE
50,OL18498471W,LIB-000050,AVAILABLE
51,OL18498471W,LIB-000051,AVAILABLE
52,OL3032767W,LIB-000052,AVAILABLE
53,OL3032767W,LIB-000053,AVAILABLE
54,OL3032767W,LIB-000054,AVAILABLE
55,OL22027945W,LIB-000055,AVAILABLE
56,OL22027945W,LIB-000056,AVAILABLE
57,OL22027945W,LIB-000057,AVAILABLE
58,OL20781257W,LIB-000058,AVAILABLE
59,OL20781257W,LIB-000059,AVAILABLE
60,OL20781257W,LIB-000060,AVAILABLE
61,OL22149963W,LIB-000061,AVAILABLE
62,OL22149963W,LIB-000062,AVAILABLE
63,OL22149963W,LIB-000063,AVAILABLE
64,OL54811W,LIB-000064,AVAILABLE
65,OL54811W,LIB-000065,AVAILABLE
66,OL54811W,LIB-000066,AVAILABLE
67,OL1986060W,LIB-000067,AVAILABLE
68,OL1986060W,LIB-000068,AVAILABLE
69,OL1986060W,LIB-000069,AVAILABLE
70,OL14852857W,LIB-000070,AVAILABLE
71,OL14852857W,LIB-000071,AVAILABLE
72,OL14852857W,LIB-000072,AVAILABLE
73,OL16806877W,LIB-000073,AVAILABLE
74,OL16806877W,LIB-000074,AVAILABLE
75,OL16806877W,LIB-000075,AVAILABLE
76,OL42487406W,LIB-000076,AVAILABLE
77,OL42487406W,LIB-000077,AVAILABLE
78,OL42487406W,LIB-000078,AVAILABLE
79,OL3296483W,LIB-000079,AVAILABLE
80,OL3296483W,LIB-000080,AVAILABLE
81,OL3296483W,LIB-000081,AVAILABLE
82,OL1992198W,LIB-000082,AVAILABLE
83,OL1992198W,LIB-000083,AVAILABLE
84,OL1992198W,LIB-000084,AVAILABLE
85,OL3151692W,LIB-000085,AVAILABLE
86,OL3151692W,LIB-000086,AVAILABLE
87,OL3151692W,LIB-000087,AVAILABLE
88,OL19730225W,LIB-000088,AVAILABLE
89,OL19730225W,LIB-000089,AVAILABLE
90,OL19730225W,LIB-000090,AVAILABLE
91,OL20743870W,LIB-000091,AVAILABLE
92,OL20743870W,LIB-000092,AVAILABLE
93,OL20743870W,LIB-000093,AVAILABLE
94,OL54814W,LIB-000094,AVAILABLE
95,OL54814W,LIB-000095,AVAILABLE
96,OL54814W,LIB-000096,AVAILABLE
97,OL20002263W,LIB-000097,AVAILABLE
98,OL20002263W,LIB-000098,AVAILABLE
99,OL20002263W,LIB-000099,AVAILABLE
100,OL94862W,LIB-000100,AVAILABLE
101,OL94862W,LIB-000101,AVAILABLE
102,OL94862W,LIB-000102,AVAILABLE
103,OL293343W,LIB-000103,AVAILABLE
104,OL293343W,LIB-000104,AVAILABLE
105,OL293343W,LIB-000105,AVAILABLE
106,OL2961350W,LIB-000106,AVAILABLE
107,OL2961350W,LIB-000107,AVAILABLE
108,OL2961350W,LIB-000108,AVAILABLE
109,OL36505186W,LIB-000109,AVAILABLE
110,OL36505186W,LIB-000110,AVAILABLE
111,OL36505186W,LIB-000111,AVAILABLE
112,OL731644W,LIB-000112,AVAILABLE
113,OL731644W,LIB-000113,AVAILABLE
114,OL731644W,LIB-000114,AVAILABLE
115,OL15703607W,LIB-000115,AVAILABLE
116,OL15703607W,LIB-000116,AVAILABLE
117,OL15703607W,LIB-000117,AVAILABLE
118,OL23298844W,LIB-000118,AVAILABLE
119,OL23298844W,LIB-000119,AVAILABLE
120,OL23298844W,LIB-000120,AVAILABLE
121,OL3388961W,LIB-000121,AVAILABLE
122,OL3388961W,LIB-000122,AVAILABLE
123,OL3388961W,LIB-000123,AVAILABLE
124,OL4492353W,LIB-000124,AVAILABLE
125,OL4492353W,LIB-000125,AVAILABLE
126,OL4492353W,LIB-000126,AVAILABLE
127,OL21156586W,LIB-000127,AVAILABLE
128,OL21156586W,LIB-000128,AVAILABLE
129,OL21156586W,LIB-000129,AVAILABLE
130,OL3414832W,LIB-000130,AVAILABLE
131,OL3414832W,LIB-000131,AVAILABLE
132,OL3414832W,LIB-000132,AVAILABLE
133,OL112318W,LIB-000133,AVAILABLE
134,OL112318W,LIB-000134,AVAILABLE
135,OL112318W,LIB-000135,AVAILABLE
136,OL550877W,LIB-000136,AVAILABLE
137,OL550877W,LIB-000137,AVAILABLE
138,OL550877W,LIB-000138,AVAILABLE
139,OL3514475W,LIB-000139,AVAILABLE
140,OL3514475W,LIB-000140,AVAILABLE
141,OL3514475W,LIB-000141,AVAILABLE
142,OL98587W,LIB-000142,AVAILABLE
143,OL98587W,LIB-000143,AVAILABLE
144,OL98587W,LIB-000144,AVAILABLE
145,OL98476W,LIB-000145,AVAILABLE
146,OL98476W,LIB-000146,AVAILABLE
147,OL98476W,LIB-000147,AVAILABLE
148,OL9791086W,LIB-000148,AVAILABLE
149,OL9791086W,LIB-000149,AVAILABLE
150,OL9791086W,LIB-000150,AVAILABLE
151,OL5734756W,LIB-000151,AVAILABLE
152,OL5734756W,LIB-000152,AVAILABLE
153,OL5734756W,LIB-000153,AVAILABLE
154,OL13655592W,LIB-000154,AVAILABLE
155,OL13655592W,LIB-000155,AVAILABLE
156,OL13655592W,LIB-000156,AVAILABLE
157,OL48035W,LIB-000157,AVAILABLE
158,OL48035W,LIB-000158,AVAILABLE
159,OL48035W,LIB-000159,AVAILABLE
160,OL20408312W,LIB-000160,AVAILABLE
161,OL20408312W,LIB-000161,AVAILABLE
162,OL20408312W,LIB-000162,AVAILABLE
163,OL45342466W,LIB-000163,AVAILABLE
164,OL45342466W,LIB-000164,AVAILABLE
165,OL45342466W,LIB-000165,AVAILABLE
166,OL81632W,LIB-000166,AVAILABLE
167,OL81632W,LIB-000167,AVAILABLE
168,OL81632W,LIB-000168,AVAILABLE
169,OL301486W,LIB-000169,AVAILABLE
170,OL301486W,LIB-000170,AVAILABLE
171,OL301486W,LIB-000171,AVAILABLE
172,OL20008092W,LIB-000172,AVAILABLE
173,OL20008092W,LIB-000173,AVAILABLE
174,OL20008092W,LIB-000174,AVAILABLE
175,OL2859676W,LIB-000175,AVAILABLE
176,OL2859676W,LIB-000176,AVAILABLE
177,OL2859676W,LIB-000177,AVAILABLE
178,OL21294824W,LIB-000178,AVAILABLE
179,OL21294824W,LIB-000179,AVAILABLE
180,OL21294824W,LIB-000180,AVAILABLE
181,OL32321139W,LIB-000181,AVAILABLE
182,OL32321139W,LIB-000182,AVAILABLE
183,OL32321139W,LIB-000183,AVAILABLE
184,OL5921984W,LIB-000184,AVAILABLE
185,OL5921984W,LIB-000185,AVAILABLE
186,OL5921984W,LIB-000186,AVAILABLE
187,OL18147682W,LIB-000187,AVAILABLE
188,OL18147682W,LIB-000188,AVAILABLE
189,OL18147682W,LIB-000189,AVAILABLE
190,OL2234992W,LIB-000190,AVAILABLE
191,OL2234992W,LIB-000191,AVAILABLE
192,OL2234992W,LIB-000192,AVAILABLE
193,OL157040W,LIB-000193,AVAILABLE
194,OL157040W,LIB-000194,AVAILABLE
195,OL157040W,LIB-000195,AVAILABLE
196,OL17619634W,LIB-000196,AVAILABLE
197,OL17619634W,LIB-000197,AVAILABLE
198,OL17619634W,LIB-000198,AVAILABLE
199,OL8119615W,LIB-000199,AVAILABLE
200,OL8119615W,LIB-000200,AVAILABLE
201,OL8119615W,LIB-000201,AVAILABLE
202,OL3481343W,LIB-000202,AVAILABLE
203,OL3481343W,LIB-000203,AVAILABLE
204,OL3481343W,LIB-000204,AVAILABLE
205,OL20090688W,LIB-000205,AVAILABLE
206,OL20090688W,LIB-000206,AVAILABLE
207,OL20090688W,LIB-000207,AVAILABLE
208,OL27852012W,LIB-000208,AVAILABLE
209,OL27852012W,LIB-000209,AVAILABLE
210,OL27852012W,LIB-000210,AVAILABLE
211,OL15518787W,LIB-000211,AVAILABLE
212,OL15518787W,LIB-000212,AVAILABLE
213,OL15518787W,LIB-000213,AVAILABLE
214,OL5735350W,LIB-000214,AVAILABLE
215,OL5735350W,LIB-000215,AVAILABLE
216,OL5735350W,LIB-000216,AVAILABLE
217,OL1518059W,LIB-000217,AVAILABLE
218,OL1518059W,LIB-000218,AVAILABLE
219,OL1518059W,LIB-000219,AVAILABLE
220,OL97433W,LIB-000220,AVAILABLE
221,OL97433W,LIB-000221,AVAILABLE
222,OL97433W,LIB-000222,AVAILABLE
223,OL14911626W,LIB-000223,AVAILABLE
224,OL14911626W,LIB-000224,AVAILABLE
225,OL14911626W,LIB-000225,AVAILABLE
226,OL1798750W,LIB-000226,AVAILABLE
227,OL1798750W,LIB-000227,AVAILABLE
228,OL1798750W,LIB-000228,AVAILABLE
229,OL3369879W,LIB-000229,AVAILABLE
230,OL3369879W,LIB-000230,AVAILABLE
231,OL3369879W,LIB-000231,AVAILABLE
232,OL263259W,LIB-000232,AVAILABLE
233,OL263259W,LIB-000233,AVAILABLE
234,OL263259W,LIB-000234,AVAILABLE
235,OL5890331W,LIB-000235,AVAILABLE
236,OL5890331W,LIB-000236,AVAILABLE
237,OL5890331W,LIB-000237,AVAILABLE
238,OL1808887W,LIB-000238,AVAILABLE
239,OL1808887W,LIB-000239,AVAILABLE
240,OL1808887W,LIB-000240,AVAILABLE
241,OL37888W,LIB-000241,AVAILABLE
242,OL37888W,LIB-000242,AVAILABLE
243,OL37888W,LIB-000243,AVAILABLE
244,OL68133W,LIB-000244,AVAILABLE
245,OL68133W,LIB-000245,AVAILABLE
246,OL68133W,LIB-000246,AVAILABLE
247,OL720123W,LIB-000247,AVAILABLE
248,OL720123W,LIB-000248,AVAILABLE
249,OL720123W,LIB-000249,AVAILABLE
250,OL20095985W,LIB-000250,AVAILABLE
251,OL20095985W,LIB-000251,AVAILABLE
252,OL20095985W,LIB-000252,AVAILABLE
253,OL24855651W,LIB-000253,AVAILABLE
254,OL24855651W,LIB-000254,AVAILABLE
255,OL24855651W,LIB-000255,AVAILABLE
256,OL15270407W,LIB-000256,AVAILABLE
257,OL15270407W,LIB-000257,AVAILABLE
258,OL15270407W,LIB-000258,AVAILABLE
259,OL2707183W,LIB-000259,AVAILABLE
260,OL2707183W,LIB-000260,AVAILABLE
261,OL2707183W,LIB-000261,AVAILABLE
262,OL263247W,LIB-000262,AVAILABLE
263,OL263247W,LIB-000263,AVAILABLE
264,OL263247W,LIB-000264,AVAILABLE
265,OL5735347W,LIB-000265,AVAILABLE
266,OL5735347W,LIB-000266,AVAILABLE
267,OL5735347W,LIB-000267,AVAILABLE
268,OL149210W,LIB-000268,AVAILABLE
269,OL149210W,LIB-000269,AVAILABLE
270,OL149210W,LIB-000270,AVAILABLE
271,OL15846891W,LIB-000271,AVAILABLE
272,OL15846891W,LIB-000272,AVAILABLE
273,OL15846891W,LIB-000273,AVAILABLE
274,OL17522756W,LIB-000274,AVAILABLE
275,OL17522756W,LIB-000275,AVAILABLE
276,OL17522756W,LIB-000276,AVAILABLE
277,OL17794035W,LIB-000277,AVAILABLE
278,OL17794035W,LIB-000278,AVAILABLE
279,OL17794035W,LIB-000279,AVAILABLE
280,OL1950880W,LIB-000280,AVAILABLE
281,OL1950880W,LIB-000281,AVAILABLE
282,OL1950880W,LIB-000282,AVAILABLE
283,OL5598185W,LIB-000283,AVAILABLE
284,OL5598185W,LIB-000284,AVAILABLE
285,OL5598185W,LIB-000285,AVAILABLE
286,OL15145455W,LIB-000286,AVAILABLE
287,OL15145455W,LIB-000287,AVAILABLE
288,OL15145455W,LIB-000288,AVAILABLE
289,OL1012089W,LIB-000289,AVAILABLE
290,OL1012089W,LIB-000290,AVAILABLE
291,OL1012089W,LIB-000291,AVAILABLE
292,OL21984600W,LIB-000292,AVAILABLE
293,OL21984600W,LIB-000293,AVAILABLE
294,OL21984600W,LIB-000294,AVAILABLE
295,OL16797312W,LIB-000295,AVAILABLE
296,OL16797312W,LIB-000296,AVAILABLE
297,OL16797312W,LIB-000297,AVAILABLE
298,OL17904487W,LIB-000298,AVAILABLE
299,OL17904487W,LIB-000299,AVAILABLE
300,OL17904487W,LIB-000300,AVAILABLE
301,OL99159W,LIB-000301,AVAILABLE
302,OL99159W,LIB-000302,AVAILABLE
303,OL99159W,LIB-000303,AVAILABLE
304,OL25417875W,LIB-000304,AVAILABLE
305,OL25417875W,LIB-000305,AVAILABLE
306,OL25417875W,LIB-000306,AVAILABLE
307,OL1183716W,LIB-000307,AVAILABLE
308,OL1183716W,LIB-000308,AVAILABLE
309,OL1183716W,LIB-000309,AVAILABLE
310,OL624288W,LIB-000310,AVAILABLE
311,OL624288W,LIB-000311,AVAILABLE
312,OL624288W,LIB-000312,AVAILABLE
313,OL263301W,LIB-000313,AVAILABLE
314,OL263301W,LIB-000314,AVAILABLE
315,OL263301W,LIB-000315,AVAILABLE
316,OL43676W,LIB-000316,AVAILABLE
317,OL43676W,LIB-000317,AVAILABLE
318,OL43676W,LIB-000318,AVAILABLE
319,OL39275W,LIB-000319,AVAILABLE
320,OL39275W,LIB-000320,AVAILABLE
321,OL39275W,LIB-000321,AVAILABLE
322,OL33039677W,LIB-000322,AVAILABLE
323,OL33039677W,LIB-000323,AVAILABLE
324,OL33039677W,LIB-000324,AVAILABLE
325,OL8012003W,LIB-000325,AVAILABLE
326,OL8012003W,LIB-000326,AVAILABLE
327,OL8012003W,LIB-000327,AVAILABLE
328,OL19718689W,LIB-000328,AVAILABLE
329,OL19718689W,LIB-000329,AVAILABLE
330,OL19718689W,LIB-000330,AVAILABLE
331,OL19997303W,LIB-000331,AVAILABLE
332,OL19997303W,LIB-000332,AVAILABLE
333,OL19997303W,LIB-000333,AVAILABLE
334,OL15456729W,LIB-000334,AVAILABLE
335,OL15456729W,LIB-000335,AVAILABLE
336,OL15456729W,LIB-000336,AVAILABLE
337,OL6989345W,LIB-000337,AVAILABLE
338,OL6989345W,LIB-000338,AVAILABLE
339,OL6989345W,LIB-000339,AVAILABLE
340,OL20743292W,LIB-000340,AVAILABLE
341,OL20743292W,LIB-000341,AVAILABLE
342,OL20743292W,LIB-000342,AVAILABLE
343,OL240566W,LIB-000343,AVAILABLE
344,OL240566W,LIB-000344,AVAILABLE
345,OL240566W,LIB-000345,AVAILABLE
346,OL2997949W,LIB-000346,AVAILABLE
347,OL2997949W,LIB-000347,AVAILABLE
348,OL2997949W,LIB-000348,AVAILABLE
349,OL15540668W,LIB-000349,AVAILABLE
350,OL15540668W,LIB-000350,AVAILABLE
351,OL15540668W,LIB-000351,AVAILABLE
352,OL2329257W,LIB-000352,AVAILABLE
353,OL2329257W,LIB-000353,AVAILABLE
354,OL2329257W,LIB-000354,AVAILABLE
355,OL21675372W,LIB-000355,AVAILABLE
356,OL21675372W,LIB-000356,AVAILABLE
357,OL21675372W,LIB-000357,AVAILABLE
358,OL38023566W,LIB-000358,AVAILABLE
359,OL38023566W,LIB-000359,AVAILABLE
360,OL38023566W,LIB-000360,AVAILABLE
361,OL20693243W,LIB-000361,AVAILABLE
362,OL20693243W,LIB-000362,AVAILABLE
363,OL20693243W,LIB-000363,AVAILABLE
364,OL274337W,LIB-000364,AVAILABLE
365,OL274337W,LIB-000365,AVAILABLE
366,OL274337W,LIB-000366,AVAILABLE
367,OL326412W,LIB-000367,AVAILABLE
368,OL326412W,LIB-000368,AVAILABLE
369,OL326412W,LIB-000369,AVAILABLE
370,OL81622W,LIB-000370,AVAILABLE
371,OL81622W,LIB-000371,AVAILABLE
372,OL81622W,LIB-000372,AVAILABLE
373,OL17551393W,LIB-000373,AVAILABLE
374,OL17551393W,LIB-000374,AVAILABLE
375,OL17551393W,LIB-000375,AVAILABLE
376,OL21194467W,LIB-000376,AVAILABLE
377,OL21194467W,LIB-000377,AVAILABLE
378,OL21194467W,LIB-000378,AVAILABLE
379,OL20032373W,LIB-000379,AVAILABLE
380,OL20032373W,LIB-000380,AVAILABLE
381,OL20032373W,LIB-000381,AVAILABLE
382,OL25799659W,LIB-000382,AVAILABLE
383,OL25799659W,LIB-000383,AVAILABLE
384,OL25799659W,LIB-000384,AVAILABLE
385,OL7952954W,LIB-000385,AVAILABLE
386,OL7952954W,LIB-000386,AVAILABLE
387,OL7952954W,LIB-000387,AVAILABLE
388,OL3716637W,LIB-000388,AVAILABLE
389,OL3716637W,LIB-000389,AVAILABLE
390,OL3716637W,LIB-000390,AVAILABLE
391,OL1375083W,LIB-000391,AVAILABLE
392,OL1375083W,LIB-000392,AVAILABLE
393,OL1375083W,LIB-000393,AVAILABLE
394,OL21104363W,LIB-000394,AVAILABLE
395,OL21104363W,LIB-000395,AVAILABLE
396,OL21104363W,LIB-000396,AVAILABLE
397,OL5735348W,LIB-000397,AVAILABLE
398,OL5735348W,LIB-000398,AVAILABLE
399,OL5735348W,LIB-000399,AVAILABLE
400,OL8254454W,LIB-000400,AVAILABLE
401,OL8254454W,LIB-000401,AVAILABLE
402,OL8254454W,LIB-000402,AVAILABLE
403,OL716850W,LIB-000403,AVAILABLE
404,OL716850W,LIB-000404,AVAILABLE
405,OL716850W,LIB-000405,AVAILABLE
406,OL16820545W,LIB-000406,AVAILABLE
407,OL16820545W,LIB-000407,AVAILABLE
408,OL16820545W,LIB-000408,AVAILABLE
409,OL6929464W,LIB-000409,AVAILABLE
410,OL6929464W,LIB-000410,AVAILABLE
411,OL6929464W,LIB-000411,AVAILABLE
412,OL4295987W,LIB-000412,AVAILABLE
413,OL4295987W,LIB-000413,AVAILABLE
414,OL4295987W,LIB-000414,AVAILABLE
415,OL492862W,LIB-000415,AVAILABLE
416,OL492862W,LIB-000416,AVAILABLE
417,OL492862W,LIB-000417,AVAILABLE
418,OL1063267W,LIB-000418,AVAILABLE
419,OL1063267W,LIB-000419,AVAILABLE
420,OL1063267W,LIB-000420,AVAILABLE
421,OL2577482W,LIB-000421,AVAILABLE
422,OL2577482W,LIB-000422,AVAILABLE
423,OL2577482W,LIB-000423,AVAILABLE
424,OL169806W,LIB-000424,AVAILABLE
425,OL169806W,LIB-000425,AVAILABLE
426,OL169806W,LIB-000426,AVAILABLE
427,OL472508W,LIB-000427,AVAILABLE
428,OL472508W,LIB-000428,AVAILABLE
429,OL472508W,LIB-000429,AVAILABLE
430,OL20054906W,LIB-000430,AVAILABLE
431,OL20054906W,LIB-000431,AVAILABLE
432,OL20054906W,LIB-000432,AVAILABLE
433,OL679306W,LIB-000433,AVAILABLE
434,OL679306W,LIB-000434,AVAILABLE
435,OL679306W,LIB-000435,AVAILABLE
436,OL15444501W,LIB-000436,AVAILABLE
437,OL15444501W,LIB-000437,AVAILABLE
438,OL15444501W,LIB-000438,AVAILABLE
439,OL2989221W,LIB-000439,AVAILABLE
440,OL2989221W,LIB-000440,AVAILABLE
441,OL2989221W,LIB-000441,AVAILABLE
442,OL1925059W,LIB-000442,AVAILABLE
443,OL1925059W,LIB-000443,AVAILABLE
444,OL1925059W,LIB-000444,AVAILABLE
445,OL24390422W,LIB-000445,AVAILABLE
446,OL24390422W,LIB-000446,AVAILABLE
447,OL24390422W,LIB-000447,AVAILABLE
448,OL1160095W,LIB-000448,AVAILABLE
449,OL1160095W,LIB-000449,AVAILABLE
450,OL1160095W,LIB-000450,AVAILABLE
451,OL59379W,LIB-000451,AVAILABLE
452,OL59379W,LIB-000452,AVAILABLE
453,OL59379W,LIB-000453,AVAILABLE
454,OL1989544W,LIB-000454,AVAILABLE
455,OL1989544W,LIB-000455,AVAILABLE
456,OL1989544W,LIB-000456,AVAILABLE
457,OL81618W,LIB-000457,AVAILABLE
458,OL81618W,LIB-000458,AVAILABLE
459,OL81618W,LIB-000459,AVAILABLE
460,OL9176664W,LIB-000460,AVAILABLE
461,OL9176664W,LIB-000461,AVAILABLE
462,OL9176664W,LIB-000462,AVAILABLE
463,OL20112808W,LIB-000463,AVAILABLE
464,OL20112808W,LIB-000464,AVAILABLE
465,OL20112808W,LIB-000465,AVAILABLE
466,OL278323W,LIB-000466,AVAILABLE
467,OL278323W,LIB-000467,AVAILABLE
468,OL278323W,LIB-000468,AVAILABLE
469,OL17339151W,LIB-000469,AVAILABLE
470,OL17339151W,LIB-000470,AVAILABLE
471,OL17339151W,LIB-000471,AVAILABLE
472,OL17837968W,LIB-000472,AVAILABLE
473,OL17837968W,LIB-000473,AVAILABLE
474,OL17837968W,LIB-000474,AVAILABLE
475,OL2460221W,LIB-000475,AVAILABLE
476,OL2460221W,LIB-000476,AVAILABLE
477,OL2460221W,LIB-000477,AVAILABLE
478,OL17100056W,LIB-000478,AVAILABLE
479,OL17100056W,LIB-000479,AVAILABLE
480,OL17100056W,LIB-000480,AVAILABLE
481,OL41050W,LIB-000481,AVAILABLE
482,OL41050W,LIB-000482,AVAILABLE
483,OL41050W,LIB-000483,AVAILABLE
484,OL7973273W,LIB-000484,AVAILABLE
485,OL7973273W,LIB-000485,AVAILABLE
486,OL7973273W,LIB-000486,AVAILABLE
487,OL19824143W,LIB-000487,AVAILABLE
488,OL19824143W,LIB-000488,AVAILABLE
489,OL19824143W,LIB-000489,AVAILABLE
490,OL25515697W,LIB-000490,AVAILABLE
491,OL25515697W,LIB-000491,AVAILABLE
492,OL25515697W,LIB-000492,AVAILABLE
493,OL17661407W,LIB-000493,AVAILABLE
494,OL17661407W,LIB-000494,AVAILABLE
495,OL17661407W,LIB-000495,AVAILABLE
496,OL1358969W,LIB-000496,AVAILABLE
497,OL1358969W,LIB-000497,AVAILABLE
498,OL1358969W,LIB-000498,AVAILABLE
499,OL1174923W,LIB-000499,AVAILABLE
500,OL1174923W,LIB-000500,AVAILABLE
501,OL1174923W,LIB-000501,AVAILABLE
502,OL471943W,LIB-000502,AVAILABLE
503,OL471943W,LIB-000503,AVAILABLE
504,OL471943W,LIB-000504,AVAILABLE
505,OL29914687W,LIB-000505,AVAILABLE
506,OL29914687W,LIB-000506,AVAILABLE
507,OL29914687W,LIB-000507,AVAILABLE
508,OL85892W,LIB-000508,AVAILABLE
509,OL85892W,LIB-000509,AVAILABLE
510,OL85892W,LIB-000510,AVAILABLE
511,OL9973101W,LIB-000511,AVAILABLE
512,OL9973101W,LIB-000512,AVAILABLE
513,OL9973101W,LIB-000513,AVAILABLE
514,OL21710664W,LIB-000514,AVAILABLE
515,OL21710664W,LIB-000515,AVAILABLE
516,OL21710664W,LIB-000516,AVAILABLE
517,OL222252W,LIB-000517,AVAILABLE
518,OL222252W,LIB-000518,AVAILABLE
519,OL222252W,LIB-000519,AVAILABLE
520,OL1825054W,LIB-000520,AVAILABLE
521,OL1825054W,LIB-000521,AVAILABLE
522,OL1825054W,LIB-000522,AVAILABLE
523,OL14872459W,LIB-000523,AVAILABLE
524,OL14872459W,LIB-000524,AVAILABLE
525,OL14872459W,LIB-000525,AVAILABLE
526,OL31182163W,LIB-000526,AVAILABLE
527,OL31182163W,LIB-000527,AVAILABLE
528,OL31182163W,LIB-000528,AVAILABLE
529,OL106323W,LIB-000529,AVAILABLE
530,OL106323W,LIB-000530,AVAILABLE
531,OL106323W,LIB-000531,AVAILABLE
532,OL5041854W,LIB-000532,AVAILABLE
533,OL5041854W,LIB-000533,AVAILABLE
534,OL5041854W,LIB-000534,AVAILABLE
535,OL2649857W,LIB-000535,AVAILABLE
536,OL2649857W,LIB-000536,AVAILABLE
537,OL2649857W,LIB-000537,AVAILABLE
538,OL8400949W,LIB-000538,AVAILABLE
539,OL8400949W,LIB-000539,AVAILABLE
540,OL8400949W,LIB-000540,AVAILABLE
541,OL863810W,LIB-000541,AVAILABLE
542,OL863810W,LIB-000542,AVAILABLE
543,OL863810W,LIB-000543,AVAILABLE
544,OL8197157W,LIB-000544,AVAILABLE
545,OL8197157W,LIB-000545,AVAILABLE
546,OL8197157W,LIB-000546,AVAILABLE
547,OL3735574W,LIB-000547,AVAILABLE
548,OL3735574W,LIB-000548,AVAILABLE
549,OL3735574W,LIB-000549,AVAILABLE
550,OL81627W,LIB-000550,AVAILABLE
551,OL81627W,LIB-000551,AVAILABLE
552,OL81627W,LIB-000552,AVAILABLE
553,OL1646026W,LIB-000553,AVAILABLE
554,OL1646026W,LIB-000554,AVAILABLE
555,OL1646026W,LIB-000555,AVAILABLE
556,OL6705475W,LIB-000556,AVAILABLE
557,OL6705475W,LIB-000557,AVAILABLE
558,OL6705475W,LIB-000558,AVAILABLE
559,OL159621W,LIB-000559,AVAILABLE
560,OL159621W,LIB-000560,AVAILABLE
561,OL159621W,LIB-000561,AVAILABLE
562,OL2978165W,LIB-000562,AVAILABLE
563,OL2978165W,LIB-000563,AVAILABLE
564,OL2978165W,LIB-000564,AVAILABLE
565,OL14909866W,LIB-000565,AVAILABLE
566,OL14909866W,LIB-000566,AVAILABLE
567,OL14909866W,LIB-000567,AVAILABLE
568,OL3168011W,LIB-000568,AVAILABLE
569,OL3168011W,LIB-000569,AVAILABLE
570,OL3168011W,LIB-000570,AVAILABLE
571,OL1989535W,LIB-000571,AVAILABLE
572,OL1989535W,LIB-000572,AVAILABLE
573,OL1989535W,LIB-000573,AVAILABLE
574,OL514626W,LIB-000574,AVAILABLE
575,OL514626W,LIB-000575,AVAILABLE
576,OL514626W,LIB-000576,AVAILABLE
577,OL16333W,LIB-000577,AVAILABLE
578,OL16333W,LIB-000578,AVAILABLE
579,OL16333W,LIB-000579,AVAILABLE
580,OL16894032W,LIB-000580,AVAILABLE
581,OL16894032W,LIB-000581,AVAILABLE
582,OL16894032W,LIB-000582,AVAILABLE
583,OL805031W,LIB-000583,AVAILABLE
584,OL805031W,LIB-000584,AVAILABLE
585,OL805031W,LIB-000585,AVAILABLE
586,OL116266W,LIB-000586,AVAILABLE
587,OL116266W,LIB-000587,AVAILABLE
588,OL116266W,LIB-000588,AVAILABLE
589,OL15899W,LIB-000589,AVAILABLE
590,OL15899W,LIB-000590,AVAILABLE
591,OL15899W,LIB-000591,AVAILABLE
592,OL15910345W,LIB-000592,AVAILABLE
593,OL15910345W,LIB-000593,AVAILABLE
594,OL15910345W,LIB-000594,AVAILABLE
595,OL3267276W,LIB-000595,AVAILABLE
596,OL3267276W,LIB-000596,AVAILABLE
597,OL3267276W,LIB-000597,AVAILABLE
598,OL50434W,LIB-000598,AVAILABLE
599,OL50434W,LIB-000599,AVAILABLE
600,OL50434W,LIB-000600,AVAILABLE
601,OL2329204W,LIB-000601,AVAILABLE
602,OL2329204W,LIB-000602,AVAILABLE
603,OL2329204W,LIB-000603,AVAILABLE
604,OL15740546W,LIB-000604,AVAILABLE
605,OL15740546W,LIB-000605,AVAILABLE
606,OL15740546W,LIB-000606,AVAILABLE
607,OL3528979W,LIB-000607,AVAILABLE
608,OL3528979W,LIB-000608,AVAILABLE
609,OL3528979W,LIB-000609,AVAILABLE
610,OL9029736W,LIB-000610,AVAILABLE
611,OL9029736W,LIB-000611,AVAILABLE
612,OL9029736W,LIB-000612,AVAILABLE
613,OL44699100W,LIB-000613,AVAILABLE
614,OL44699100W,LIB-000614,AVAILABLE
615,OL44699100W,LIB-000615,AVAILABLE
616,OL3965744W,LIB-000616,AVAILABLE
617,OL3965744W,LIB-000617,AVAILABLE
618,OL3965744W,LIB-000618,AVAILABLE
619,OL38501W,LIB-000619,AVAILABLE
620,OL38501W,LIB-000620,AVAILABLE
621,OL38501W,LIB-000621,AVAILABLE
622,OL8971525W,LIB-000622,AVAILABLE
623,OL8971525W,LIB-000623,AVAILABLE
624,OL8971525W,LIB-000624,AVAILABLE
625,OL307247W,LIB-000625,AVAILABLE
626,OL307247W,LIB-000626,AVAILABLE
627,OL307247W,LIB-000627,AVAILABLE
628,OL4439701W,LIB-000628,AVAILABLE
629,OL4439701W,LIB-000629,AVAILABLE
630,OL4439701W,LIB-000630,AVAILABLE
631,OL19649395W,LIB-000631,AVAILABLE
632,OL19649395W,LIB-000632,AVAILABLE
633,OL19649395W,LIB-000633,AVAILABLE
634,OL3266746W,LIB-000634,AVAILABLE
635,OL3266746W,LIB-000635,AVAILABLE
636,OL3266746W,LIB-000636,AVAILABLE
637,OL42577236W,LIB-000637,AVAILABLE
638,OL42577236W,LIB-000638,AVAILABLE
639,OL42577236W,LIB-000639,AVAILABLE
640,OL20004718W,LIB-000640,AVAILABLE
641,OL20004718W,LIB-000641,AVAILABLE
642,OL20004718W,LIB-000642,AVAILABLE
643,OL19354345W,LIB-000643,AVAILABLE
644,OL19354345W,LIB-000644,AVAILABLE
645,OL19354345W,LIB-000645,AVAILABLE
646,OL19761015W,LIB-000646,AVAILABLE
647,OL19761015W,LIB-000647,AVAILABLE
648,OL19761015W,LIB-000648,AVAILABLE
649,OL2163690W,LIB-000649,AVAILABLE
650,OL2163690W,LIB-000650,AVAILABLE
651,OL2163690W,LIB-000651,AVAILABLE
652,OL2197894W,LIB-000652,AVAILABLE
653,OL2197894W,LIB-000653,AVAILABLE
654,OL2197894W,LIB-000654,AVAILABLE
655,OL18139175W,LIB-000655,AVAILABLE
656,OL18139175W,LIB-000656,AVAILABLE
657,OL18139175W,LIB-000657,AVAILABLE
658,OL81611W,LIB-000658,AVAILABLE
659,OL81611W,LIB-000659,AVAILABLE
660,OL81611W,LIB-000660,AVAILABLE
661,OL727612W,LIB-000661,AVAILABLE
662,OL727612W,LIB-000662,AVAILABLE
663,OL727612W,LIB-000663,AVAILABLE
664,OL26348345W,LIB-000664,AVAILABLE
665,OL26348345W,LIB-000665,AVAILABLE
666,OL26348345W,LIB-000666,AVAILABLE
667,OL17095301W,LIB-000667,AVAILABLE
668,OL17095301W,LIB-000668,AVAILABLE
669,OL17095301W,LIB-000669,AVAILABLE
670,OL63053W,LIB-000670,AVAILABLE
671,OL63053W,LIB-000671,AVAILABLE
672,OL63053W,LIB-000672,AVAILABLE
673,OL2693565W,LIB-000673,AVAILABLE
674,OL2693565W,LIB-000674,AVAILABLE
675,OL2693565W,LIB-000675,AVAILABLE
676,OL3807846W,LIB-000676,AVAILABLE
677,OL3807846W,LIB-000677,AVAILABLE
678,OL3807846W,LIB-000678,AVAILABLE
679,OL40992W,LIB-000679,AVAILABLE
680,OL40992W,LIB-000680,AVAILABLE
681,OL40992W,LIB-000681,AVAILABLE
682,OL25217001W,LIB-000682,AVAILABLE
683,OL25217001W,LIB-000683,AVAILABLE
684,OL25217001W,LIB-000684,AVAILABLE
685,OL34353W,LIB-000685,AVAILABLE
686,OL34353W,LIB-000686,AVAILABLE
687,OL34353W,LIB-000687,AVAILABLE
688,OL64222W,LIB-000688,AVAILABLE
689,OL64222W,LIB-000689,AVAILABLE
690,OL64222W,LIB-000690,AVAILABLE
691,OL76578W,LIB-000691,AVAILABLE
692,OL76578W,LIB-000692,AVAILABLE
693,OL76578W,LIB-000693,AVAILABLE
694,OL15162222W,LIB-000694,AVAILABLE
695,OL15162222W,LIB-000695,AVAILABLE
696,OL15162222W,LIB-000696,AVAILABLE
697,OL27675299W,LIB-000697,AVAILABLE
698,OL27675299W,LIB-000698,AVAILABLE
699,OL27675299W,LIB-000699,AVAILABLE
700,OL101947W,LIB-000700,AVAILABLE
701,OL101947W,LIB-000701,AVAILABLE
702,OL101947W,LIB-000702,AVAILABLE
703,OL2900596W,LIB-000703,AVAILABLE
704,OL2900596W,LIB-000704,AVAILABLE
705,OL2900596W,LIB-000705,AVAILABLE
706,OL528094W,LIB-000706,AVAILABLE
707,OL528094W,LIB-000707,AVAILABLE
708,OL528094W,LIB-000708,AVAILABLE
709,OL19985241W,LIB-000709,AVAILABLE
710,OL19985241W,LIB-000710,AVAILABLE
711,OL19985241W,LIB-000711,AVAILABLE
712,OL63802W,LIB-000712,AVAILABLE
713,OL63802W,LIB-000713,AVAILABLE
714,OL63802W,LIB-000714,AVAILABLE
715,OL16085155W,LIB-000715,AVAILABLE
716,OL16085155W,LIB-000716,AVAILABLE
717,OL16085155W,LIB-000717,AVAILABLE
718,OL554615W,LIB-000718,AVAILABLE
719,OL554615W,LIB-000719,AVAILABLE
720,OL554615W,LIB-000720,AVAILABLE
721,OL20779152W,LIB-000721,AVAILABLE
722,OL20779152W,LIB-000722,AVAILABLE
723,OL20779152W,LIB-000723,AVAILABLE
724,OL1892616W,LIB-000724,AVAILABLE
725,OL1892616W,LIB-000725,AVAILABLE
726,OL1892616W,LIB-000726,AVAILABLE
727,OL3457776W,LIB-000727,AVAILABLE
728,OL3457776W,LIB-000728,AVAILABLE
729,OL3457776W,LIB-000729,AVAILABLE
730,OL145191W,LIB-000730,AVAILABLE
731,OL145191W,LIB-000731,AVAILABLE
732,OL145191W,LIB-000732,AVAILABLE
733,OL21385222W,LIB-000733,AVAILABLE
734,OL21385222W,LIB-000734,AVAILABLE
735,OL21385222W,LIB-000735,AVAILABLE
736,OL15131205W,LIB-000736,AVAILABLE
737,OL15131205W,LIB-000737,AVAILABLE
738,OL15131205W,LIB-000738,AVAILABLE
739,OL505781W,LIB-000739,AVAILABLE
740,OL505781W,LIB-000740,AVAILABLE
741,OL505781W,LIB-000741,AVAILABLE
742,OL19545956W,LIB-000742,AVAILABLE
743,OL19545956W,LIB-000743,AVAILABLE
744,OL19545956W,LIB-000744,AVAILABLE
745,OL17746560W,LIB-000745,AVAILABLE
746,OL17746560W,LIB-000746,AVAILABLE
747,OL17746560W,LIB-000747,AVAILABLE
748,OL471832W,LIB-000748,AVAILABLE
749,OL471832W,LIB-000749,AVAILABLE
750,OL471832W,LIB-000750,AVAILABLE
751,OL167175W,LIB-000751,AVAILABLE
752,OL167175W,LIB-000752,AVAILABLE
753,OL167175W,LIB-000753,AVAILABLE
754,OL8515205W,LIB-000754,AVAILABLE
755,OL8515205W,LIB-000755,AVAILABLE
756,OL8515205W,LIB-000756,AVAILABLE
757,OL1108089W,LIB-000757,AVAILABLE
758,OL1108089W,LIB-000758,AVAILABLE
759,OL1108089W,LIB-000759,AVAILABLE
760,OL2859673W,LIB-000760,AVAILABLE
761,OL2859673W,LIB-000761,AVAILABLE
762,OL2859673W,LIB-000762,AVAILABLE
763,OL1929573W,LIB-000763,AVAILABLE
764,OL1929573W,LIB-000764,AVAILABLE
765,OL1929573W,LIB-000765,AVAILABLE
766,OL492865W,LIB-000766,AVAILABLE
767,OL492865W,LIB-000767,AVAILABLE
768,OL492865W,LIB-000768,AVAILABLE
769,OL2762927W,LIB-000769,AVAILABLE
770,OL2762927W,LIB-000770,AVAILABLE
771,OL2762927W,LIB-000771,AVAILABLE
772,OL2710863W,LIB-000772,AVAILABLE
773,OL2710863W,LIB-000773,AVAILABLE
774,OL2710863W,LIB-000774,AVAILABLE
775,OL18283814W,LIB-000775,AVAILABLE
776,OL18283814W,LIB-000776,AVAILABLE
777,OL18283814W,LIB-000777,AVAILABLE
778,OL73217W,LIB-000778,AVAILABLE
779,OL73217W,LIB-000779,AVAILABLE
780,OL73217W,LIB-000780,AVAILABLE
781,OL1870001W,LIB-000781,AVAILABLE
782,OL1870001W,LIB-000782,AVAILABLE
783,OL1870001W,LIB-000783,AVAILABLE
784,OL1864135W,LIB-000784,AVAILABLE
785,OL1864135W,LIB-000785,AVAILABLE
786,OL1864135W,LIB-000786,AVAILABLE
787,OL59740W,LIB-000787,AVAILABLE
788,OL59740W,LIB-000788,AVAILABLE
789,OL59740W,LIB-000789,AVAILABLE
790,OL1847603W,LIB-000790,AVAILABLE
791,OL1847603W,LIB-000791,AVAILABLE
792,OL1847603W,LIB-000792,AVAILABLE
793,OL8927299W,LIB-000793,AVAILABLE
794,OL8927299W,LIB-000794,AVAILABLE
795,OL8927299W,LIB-000795,AVAILABLE
796,OL3267304W,LIB-000796,AVAILABLE
797,OL3267304W,LIB-000797,AVAILABLE
798,OL3267304W,LIB-000798,AVAILABLE
799,OL20150410W,LIB-000799,AVAILABLE
800,OL20150410W,LIB-000800,AVAILABLE
801,OL20150410W,LIB-000801,AVAILABLE
802,OL19899W,LIB-000802,AVAILABLE
803,OL19899W,LIB-000803,AVAILABLE
804,OL19899W,LIB-000804,AVAILABLE
805,OL167189W,LIB-000805,AVAILABLE
806,OL167189W,LIB-000806,AVAILABLE
807,OL167189W,LIB-000807,AVAILABLE
808,OL47181W,LIB-000808,AVAILABLE
809,OL47181W,LIB-000809,AVAILABLE
810,OL47181W,LIB-000810,AVAILABLE
811,OL2722401W,LIB-000811,AVAILABLE
812,OL2722401W,LIB-000812,AVAILABLE
813,OL2722401W,LIB-000813,AVAILABLE
814,OL16176999W,LIB-000814,AVAILABLE
815,OL16176999W,LIB-000815,AVAILABLE
816,OL16176999W,LIB-000816,AVAILABLE
817,OL16804661W,LIB-000817,AVAILABLE
818,OL16804661W,LIB-000818,AVAILABLE
819,OL16804661W,LIB-000819,AVAILABLE
820,OL16813671W,LIB-000820,AVAILABLE
821,OL16813671W,LIB-000821,AVAILABLE
822,OL16813671W,LIB-000822,AVAILABLE
823,OL495659W,LIB-000823,AVAILABLE
824,OL495659W,LIB-000824,AVAILABLE
825,OL495659W,LIB-000825,AVAILABLE
826,OL1101827W,LIB-000826,AVAILABLE
827,OL1101827W,LIB-000827,AVAILABLE
828,OL1101827W,LIB-000828,AVAILABLE
829,OL39577W,LIB-000829,AVAILABLE
830,OL39577W,LIB-000830,AVAILABLE
831,OL39577W,LIB-000831,AVAILABLE
832,OL2010890W,LIB-000832,AVAILABLE
833,OL2010890W,LIB-000833,AVAILABLE
834,OL2010890W,LIB-000834,AVAILABLE
835,OL20743210W,LIB-000835,AVAILABLE
836,OL20743210W,LIB-000836,AVAILABLE
837,OL20743210W,LIB-000837,AVAILABLE
838,OL453936W,LIB-000838,AVAILABLE
839,OL453936W,LIB-000839,AVAILABLE
840,OL453936W,LIB-000840,AVAILABLE
841,OL361246W,LIB-000841,AVAILABLE
842,OL361246W,LIB-000842,AVAILABLE
843,OL361246W,LIB-000843,AVAILABLE
844,OL15056584W,LIB-000844,AVAILABLE
845,OL15056584W,LIB-000845,AVAILABLE
846,OL15056584W,LIB-000846,AVAILABLE
847,OL20056302W,LIB-000847,AVAILABLE
848,OL20056302W,LIB-000848,AVAILABLE
849,OL20056302W,LIB-000849,AVAILABLE
850,OL15845911W,LIB-000850,AVAILABLE
851,OL15845911W,LIB-000851,AVAILABLE
852,OL15845911W,LIB-000852,AVAILABLE
853,OL25875828W,LIB-000853,AVAILABLE
854,OL25875828W,LIB-000854,AVAILABLE
855,OL25875828W,LIB-000855,AVAILABLE
856,OL65288W,LIB-000856,AVAILABLE
857,OL65288W,LIB-000857,AVAILABLE
858,OL65288W,LIB-000858,AVAILABLE
859,OL3729637W,LIB-000859,AVAILABLE
860,OL3729637W,LIB-000860,AVAILABLE
861,OL3729637W,LIB-000861,AVAILABLE
862,OL2673706W,LIB-000862,AVAILABLE
863,OL2673706W,LIB-000863,AVAILABLE
864,OL2673706W,LIB-000864,AVAILABLE
865,OL30293W,LIB-000865,AVAILABLE
866,OL30293W,LIB-000866,AVAILABLE
867,OL30293W,LIB-000867,AVAILABLE
868,OL13740014W,LIB-000868,AVAILABLE
869,OL13740014W,LIB-000869,AVAILABLE
870,OL13740014W,LIB-000870,AVAILABLE
871,OL2030622W,LIB-000871,AVAILABLE
872,OL2030622W,LIB-000872,AVAILABLE
873,OL2030622W,LIB-000873,AVAILABLE
874,OL17610507W,LIB-000874,AVAILABLE
875,OL17610507W,LIB-000875,AVAILABLE
876,OL17610507W,LIB-000876,AVAILABLE
877,OL5185935W,LIB-000877,AVAILABLE
878,OL5185935W,LIB-000878,AVAILABLE
879,OL5185935W,LIB-000879,AVAILABLE
880,OL19542561W,LIB-000880,AVAILABLE
881,OL19542561W,LIB-000881,AVAILABLE
882,OL19542561W,LIB-000882,AVAILABLE
883,OL3981255W,LIB-000883,AVAILABLE
884,OL3981255W,LIB-000884,AVAILABLE
885,OL3981255W,LIB-000885,AVAILABLE
886,OL15075607W,LIB-000886,AVAILABLE
887,OL15075607W,LIB-000887,AVAILABLE
888,OL15075607W,LIB-000888,AVAILABLE
889,OL26449358W,LIB-000889,AVAILABLE
890,OL26449358W,LIB-000890,AVAILABLE
891,OL26449358W,LIB-000891,AVAILABLE
892,OL1867929W,LIB-000892,AVAILABLE
893,OL1867929W,LIB-000893,AVAILABLE
894,OL1867929W,LIB-000894,AVAILABLE
895,OL4440440W,LIB-000895,AVAILABLE
896,OL4440440W,LIB-000896,AVAILABLE
897,OL4440440W,LIB-000897,AVAILABLE
898,OL1146252W,LIB-000898,AVAILABLE
899,OL1146252W,LIB-000899,AVAILABLE
900,OL1146252W,LIB-000900,AVAILABLE
901,OL472165W,LIB-000901,AVAILABLE
902,OL472165W,LIB-000902,AVAILABLE
903,OL472165W,LIB-000903,AVAILABLE
904,OL468503W,LIB-000904,AVAILABLE
905,OL468503W,LIB-000905,AVAILABLE
906,OL468503W,LIB-000906,AVAILABLE
907,OL810991W,LIB-000907,AVAILABLE
908,OL810991W,LIB-000908,AVAILABLE
909,OL810991W,LIB-000909,AVAILABLE
910,OL3498586W,LIB-000910,AVAILABLE
911,OL3498586W,LIB-000911,AVAILABLE
912,OL3498586W,LIB-000912,AVAILABLE
913,OL278313W,LIB-000913,AVAILABLE
914,OL278313W,LIB-000914,AVAILABLE
915,OL278313W,LIB-000915,AVAILABLE
916,OL1115809W,LIB-000916,AVAILABLE
917,OL1115809W,LIB-000917,AVAILABLE
918,OL1115809W,LIB-000918,AVAILABLE
919,OL81634W,LIB-000919,AVAILABLE
920,OL81634W,LIB-000920,AVAILABLE
921,OL81634W,LIB-000921,AVAILABLE
922,OL17857348W,LIB-000922,AVAILABLE
923,OL17857348W,LIB-000923,AVAILABLE
924,OL17857348W,LIB-000924,AVAILABLE
925,OL21214559W,LIB-000925,AVAILABLE
926,OL21214559W,LIB-000926,AVAILABLE
927,OL21214559W,LIB-000927,AVAILABLE
928,OL27526176W,LIB-000928,AVAILABLE
929,OL27526176W,LIB-000929,AVAILABLE
930,OL27526176W,LIB-000930,AVAILABLE
931,OL6794523W,LIB-000931,AVAILABLE
932,OL6794523W,LIB-000932,AVAILABLE
933,OL6794523W,LIB-000933,AVAILABLE
934,OL2734641W,LIB-000934,AVAILABLE
935,OL2734641W,LIB-000935,AVAILABLE
936,OL2734641W,LIB-000936,AVAILABLE
937,OL14975235W,LIB-000937,AVAILABLE
938,OL14975235W,LIB-000938,AVAILABLE
939,OL14975235W,LIB-000939,AVAILABLE
940,OL18323695W,LIB-000940,AVAILABLE
941,OL18323695W,LIB-000941,AVAILABLE
942,OL18323695W,LIB-000942,AVAILABLE
943,OL2943597W,LIB-000943,AVAILABLE
944,OL2943597W,LIB-000944,AVAILABLE
945,OL2943597W,LIB-000945,AVAILABLE
946,OL11789290W,LIB-000946,AVAILABLE
947,OL11789290W,LIB-000947,AVAILABLE
948,OL11789290W,LIB-000948,AVAILABLE
949,OL14870745W,LIB-000949,AVAILABLE
950,OL14870745W,LIB-000950,AVAILABLE
951,OL14870745W,LIB-000951,AVAILABLE
952,OL26663382W,LIB-000952,AVAILABLE
953,OL26663382W,LIB-000953,AVAILABLE
954,OL26663382W,LIB-000954,AVAILABLE
955,OL765593W,LIB-000955,AVAILABLE
956,OL765593W,LIB-000956,AVAILABLE
957,OL765593W,LIB-000957,AVAILABLE
958,OL1865528W,LIB-000958,AVAILABLE
959,OL1865528W,LIB-000959,AVAILABLE
960,OL1865528W,LIB-000960,AVAILABLE
961,OL51381W,LIB-000961,AVAILABLE
962,OL51381W,LIB-000962,AVAILABLE
963,OL51381W,LIB-000963,AVAILABLE
964,OL15297W,LIB-000964,AVAILABLE
965,OL15297W,LIB-000965,AVAILABLE
966,OL15297W,LIB-000966,AVAILABLE
967,OL4781294W,LIB-000967,AVAILABLE
968,OL4781294W,LIB-000968,AVAILABLE
969,OL4781294W,LIB-000969,AVAILABLE
970,OL17597666W,LIB-000970,AVAILABLE
971,OL17597666W,LIB-000971,AVAILABLE
972,OL17597666W,LIB-000972,AVAILABLE
973,OL15844035W,LIB-000973,AVAILABLE
974,OL15844035W,LIB-000974,AVAILABLE
975,OL15844035W,LIB-000975,AVAILABLE
976,OL19730580W,LIB-000976,AVAILABLE
977,OL19730580W,LIB-000977,AVAILABLE
978,OL19730580W,LIB-000978,AVAILABLE
979,OL2680118W,LIB-000979,AVAILABLE
980,OL2680118W,LIB-000980,AVAILABLE
981,OL2680118W,LIB-000981,AVAILABLE
982,OL16361078W,LIB-000982,AVAILABLE
983,OL16361078W,LIB-000983,AVAILABLE
984,OL16361078W,LIB-000984,AVAILABLE
985,OL17927187W,LIB-000985,AVAILABLE
986,OL17927187W,LIB-000986,AVAILABLE
987,OL17927187W,LIB-000987,AVAILABLE
988,OL13015028W,LIB-000988,AVAILABLE
989,OL13015028W,LIB-000989,AVAILABLE
990,OL13015028W,LIB-000990,AVAILABLE
991,OL82565W,LIB-000991,AVAILABLE
992,OL82565W,LIB-000992,AVAILABLE
993,OL82565W,LIB-000993,AVAILABLE
994,OL38495W,LIB-000994,AVAILABLE
995,OL38495W,LIB-000995,AVAILABLE
996,OL38495W,LIB-000996,AVAILABLE
997,OL2041003W,LIB-000997,AVAILABLE
998,OL2041003W,LIB-000998,AVAILABLE
999,OL2041003W,LIB-000999,AVAILABLE
1000,OL17725413W,LIB-001000,AVAILABLE
1001,OL17725413W,LIB-001001,AVAILABLE
1002,OL17725413W,LIB-001002,AVAILABLE
1003,OL21015217W,LIB-001003,AVAILABLE
1004,OL21015217W,LIB-001004,AVAILABLE
1005,OL21015217W,LIB-001005,AVAILABLE
1006,OL45864W,LIB-001006,AVAILABLE
1007,OL45864W,LIB-001007,AVAILABLE
1008,OL45864W,LIB-001008,AVAILABLE
1009,OL2628173W,LIB-001009,AVAILABLE
1010,OL2628173W,LIB-001010,AVAILABLE
1011,OL2628173W,LIB-001011,AVAILABLE
1012,OL1989516W,LIB-001012,AVAILABLE
1013,OL1989516W,LIB-001013,AVAILABLE
1014,OL1989516W,LIB-001014,AVAILABLE
1015,OL27506W,LIB-001015,AVAILABLE
1016,OL27506W,LIB-001016,AVAILABLE
1017,OL27506W,LIB-001017,AVAILABLE
1018,OL2577472W,LIB-001018,AVAILABLE
1019,OL2577472W,LIB-001019,AVAILABLE
1020,OL2577472W,LIB-001020,AVAILABLE
1021,OL7914510W,LIB-001021,AVAILABLE
1022,OL7914510W,LIB-001022,AVAILABLE
1023,OL7914510W,LIB-001023,AVAILABLE
1024,OL15844727W,LIB-001024,AVAILABLE
1025,OL15844727W,LIB-001025,AVAILABLE
1026,OL15844727W,LIB-001026,AVAILABLE
1027,OL2846748W,LIB-001027,AVAILABLE
1028,OL2846748W,LIB-001028,AVAILABLE
1029,OL2846748W,LIB-001029,AVAILABLE
1030,OL19736287W,LIB-001030,AVAILABLE
1031,OL19736287W,LIB-001031,AVAILABLE
1032,OL19736287W,LIB-001032,AVAILABLE
1033,OL8772290W,LIB-001033,AVAILABLE
1034,OL8772290W,LIB-001034,AVAILABLE
1035,OL8772290W,LIB-001035,AVAILABLE
1036,OL20045135W,LIB-001036,AVAILABLE
1037,OL20045135W,LIB-001037,AVAILABLE
1038,OL20045135W,LIB-001038,AVAILABLE
1039,OL16032265W,LIB-001039,AVAILABLE
1040,OL16032265W,LIB-001040,AVAILABLE
1041,OL16032265W,LIB-001041,AVAILABLE
1042,OL17465941W,LIB-001042,AVAILABLE
1043,OL17465941W,LIB-001043,AVAILABLE
1044,OL17465941W,LIB-001044,AVAILABLE
1045,OL36043613W,LIB-001045,AVAILABLE
1046,OL36043613W,LIB-001046,AVAILABLE
1047,OL36043613W,LIB-001047,AVAILABLE
1048,OL37104W,LIB-001048,AVAILABLE
1049,OL37104W,LIB-001049,AVAILABLE
1050,OL37104W,LIB-001050,AVAILABLE
1051,OL20020367W,LIB-001051,AVAILABLE
1052,OL20020367W,LIB-001052,AVAILABLE
1053,OL20020367W,LIB-001053,AVAILABLE
1054,OL2706152W,LIB-001054,AVAILABLE
1055,OL2706152W,LIB-001055,AVAILABLE
1056,OL2706152W,LIB-001056,AVAILABLE
1057,OL35429272W,LIB-001057,AVAILABLE
1058,OL35429272W,LIB-001058,AVAILABLE
1059,OL35429272W,LIB-001059,AVAILABLE
1060,OL16332124W,LIB-001060,AVAILABLE
1061,OL16332124W,LIB-001061,AVAILABLE
1062,OL16332124W,LIB-001062,AVAILABLE
1063,OL28353073W,LIB-001063,AVAILABLE
1064,OL28353073W,LIB-001064,AVAILABLE
1065,OL28353073W,LIB-001065,AVAILABLE
1066,OL14852852W,LIB-001066,AVAILABLE
1067,OL14852852W,LIB-001067,AVAILABLE
1068,OL14852852W,LIB-001068,AVAILABLE
1069,OL5770992W,LIB-001069,AVAILABLE
1070,OL5770992W,LIB-001070,AVAILABLE
1071,OL5770992W,LIB-001071,AVAILABLE
1072,OL19351054W,LIB-001072,AVAILABLE
1073,OL19351054W,LIB-001073,AVAILABLE
1074,OL19351054W,LIB-001074,AVAILABLE
1075,OL5730759W,LIB-001075,AVAILABLE
1076,OL5730759W,LIB-001076,AVAILABLE
1077,OL5730759W,LIB-001077,AVAILABLE
1078,OL20234863W,LIB-001078,AVAILABLE
1079,OL20234863W,LIB-001079,AVAILABLE
1080,OL20234863W,LIB-001080,AVAILABLE
1081,OL1751683W,LIB-001081,AVAILABLE
1082,OL1751683W,LIB-001082,AVAILABLE
1083,OL1751683W,LIB-001083,AVAILABLE
1084,OL24776665W,LIB-001084,AVAILABLE
1085,OL24776665W,LIB-001085,AVAILABLE
1086,OL24776665W,LIB-001086,AVAILABLE
1087,OL16515729W,LIB-001087,AVAILABLE
1088,OL16515729W,LIB-001088,AVAILABLE
1089,OL16515729W,LIB-001089,AVAILABLE
1090,OL21693770W,LIB-001090,AVAILABLE
1091,OL21693770W,LIB-001091,AVAILABLE
1092,OL21693770W,LIB-001092,AVAILABLE
1093,OL2677516W,LIB-001093,AVAILABLE
1094,OL2677516W,LIB-001094,AVAILABLE
1095,OL2677516W,LIB-001095,AVAILABLE
1096,OL20816838W,LIB-001096,AVAILABLE
1097,OL20816838W,LIB-001097,AVAILABLE
1098,OL20816838W,LIB-001098,AVAILABLE
1099,OL2824012W,LIB-001099,AVAILABLE
1100,OL2824012W,LIB-001100,AVAILABLE
1101,OL2824012W,LIB-001101,AVAILABLE
1102,OL530928W,LIB-001102,AVAILABLE
1103,OL530928W,LIB-001103,AVAILABLE
1104,OL530928W,LIB-001104,AVAILABLE
1105,OL79635W,LIB-001105,AVAILABLE
1106,OL79635W,LIB-001106,AVAILABLE
1107,OL79635W,LIB-001107,AVAILABLE
1108,OL20470143W,LIB-001108,AVAILABLE
1109,OL20470143W,LIB-001109,AVAILABLE
1110,OL20470143W,LIB-001110,AVAILABLE
1111,OL2741514W,LIB-001111,AVAILABLE
1112,OL2741514W,LIB-001112,AVAILABLE
1113,OL2741514W,LIB-001113,AVAILABLE
1114,OL16921842W,LIB-001114,AVAILABLE
1115,OL16921842W,LIB-001115,AVAILABLE
1116,OL16921842W,LIB-001116,AVAILABLE
1117,OL48010W,LIB-001117,AVAILABLE
1118,OL48010W,LIB-001118,AVAILABLE
1119,OL48010W,LIB-001119,AVAILABLE
1120,OL2975119W,LIB-001120,AVAILABLE
1121,OL2975119W,LIB-001121,AVAILABLE
1122,OL2975119W,LIB-001122,AVAILABLE
1123,OL109865W,LIB-001123,AVAILABLE
1124,OL109865W,LIB-001124,AVAILABLE
1125,OL109865W,LIB-001125,AVAILABLE
1126,OL17358795W,LIB-001126,AVAILABLE
1127,OL17358795W,LIB-001127,AVAILABLE
1128,OL17358795W,LIB-001128,AVAILABLE
1129,OL471784W,LIB-001129,AVAILABLE
1130,OL471784W,LIB-001130,AVAILABLE
1131,OL471784W,LIB-001131,AVAILABLE
1132,OL16361077W,LIB-001132,AVAILABLE
1133,OL16361077W,LIB-001133,AVAILABLE
1134,OL16361077W,LIB-001134,AVAILABLE
1135,OL2964971W,LIB-001135,AVAILABLE
1136,OL2964971W,LIB-001136,AVAILABLE
1137,OL2964971W,LIB-001137,AVAILABLE
1138,OL1922990W,LIB-001138,AVAILABLE
1139,OL1922990W,LIB-001139,AVAILABLE
1140,OL1922990W,LIB-001140,AVAILABLE
1141,OL45865W,LIB-001141,AVAILABLE
1142,OL45865W,LIB-001142,AVAILABLE
1143,OL45865W,LIB-001143,AVAILABLE
1144,OL15166256W,LIB-001144,AVAILABLE
1145,OL15166256W,LIB-001145,AVAILABLE
1146,OL15166256W,LIB-001146,AVAILABLE
1147,OL17660269W,LIB-001147,AVAILABLE
1148,OL17660269W,LIB-001148,AVAILABLE
1149,OL17660269W,LIB-001149,AVAILABLE
1150,OL1865549W,LIB-001150,AVAILABLE
1151,OL1865549W,LIB-001151,AVAILABLE
1152,OL1865549W,LIB-001152,AVAILABLE
1153,OL2969855W,LIB-001153,AVAILABLE
1154,OL2969855W,LIB-001154,AVAILABLE
1155,OL2969855W,LIB-001155,AVAILABLE
1156,OL85753W,LIB-001156,AVAILABLE
1157,OL85753W,LIB-001157,AVAILABLE
1158,OL85753W,LIB-001158,AVAILABLE
1159,OL22073138W,LIB-001159,AVAILABLE
1160,OL22073138W,LIB-001160,AVAILABLE
1161,OL22073138W,LIB-001161,AVAILABLE
1162,OL8220568W,LIB-001162,AVAILABLE
1163,OL8220568W,LIB-001163,AVAILABLE
1164,OL8220568W,LIB-001164,AVAILABLE
1165,OL675834W,LIB-001165,AVAILABLE
1166,OL675834W,LIB-001166,AVAILABLE
1167,OL675834W,LIB-001167,AVAILABLE
1168,OL257788W,LIB-001168,AVAILABLE
1169,OL257788W,LIB-001169,AVAILABLE
1170,OL257788W,LIB-001170,AVAILABLE
1171,OL3465640W,LIB-001171,AVAILABLE
1172,OL3465640W,LIB-001172,AVAILABLE
1173,OL3465640W,LIB-001173,AVAILABLE
1174,OL16282945W,LIB-001174,AVAILABLE
1175,OL16282945W,LIB-001175,AVAILABLE
1176,OL16282945W,LIB-001176,AVAILABLE
1177,OL21093399W,LIB-001177,AVAILABLE
1178,OL21093399W,LIB-001178,AVAILABLE
1179,OL21093399W,LIB-001179,AVAILABLE
1180,OL6073271W,LIB-001180,AVAILABLE
1181,OL6073271W,LIB-001181,AVAILABLE
1182,OL6073271W,LIB-001182,AVAILABLE
1183,OL20026987W,LIB-001183,AVAILABLE
1184,OL20026987W,LIB-001184,AVAILABLE
1185,OL20026987W,LIB-001185,AVAILABLE
1186,OL21899442W,LIB-001186,AVAILABLE
1187,OL21899442W,LIB-001187,AVAILABLE
1188,OL21899442W,LIB-001188,AVAILABLE
1189,OL2965102W,LIB-001189,AVAILABLE
1190,OL2965102W,LIB-001190,AVAILABLE
1191,OL2965102W,LIB-001191,AVAILABLE
1192,OL2203812W,LIB-001192,AVAILABLE
1193,OL2203812W,LIB-001193,AVAILABLE
1194,OL2203812W,LIB-001194,AVAILABLE
1195,OL1856675W,LIB-001195,AVAILABLE
1196,OL1856675W,LIB-001196,AVAILABLE
1197,OL1856675W,LIB-001197,AVAILABLE
1198,OL21099096W,LIB-001198,AVAILABLE
1199,OL21099096W,LIB-001199,AVAILABLE
1200,OL21099096W,LIB-001200,AVAILABLE
1201,OL39692275W,LIB-001201,AVAILABLE
1202,OL39692275W,LIB-001202,AVAILABLE
1203,OL39692275W,LIB-001203,AVAILABLE
1204,OL26535376W,LIB-001204,AVAILABLE
1205,OL26535376W,LIB-001205,AVAILABLE
1206,OL26535376W,LIB-001206,AVAILABLE
1207,OL44351009W,LIB-001207,AVAILABLE
1208,OL44351009W,LIB-001208,AVAILABLE
1209,OL44351009W,LIB-001209,AVAILABLE
1210,OL98480W,LIB-001210,AVAILABLE
1211,OL98480W,LIB-001211,AVAILABLE
1212,OL98480W,LIB-001212,AVAILABLE
1213,OL1332732W,LIB-001213,AVAILABLE
1214,OL1332732W,LIB-001214,AVAILABLE
1215,OL1332732W,LIB-001215,AVAILABLE
1216,OL72342W,LIB-001216,AVAILABLE
1217,OL72342W,LIB-001217,AVAILABLE
1218,OL72342W,LIB-001218,AVAILABLE
1219,OL362026W,LIB-001219,AVAILABLE
1220,OL362026W,LIB-001220,AVAILABLE
1221,OL362026W,LIB-001221,AVAILABLE
1222,OL19732630W,LIB-001222,AVAILABLE
1223,OL19732630W,LIB-001223,AVAILABLE
1224,OL19732630W,LIB-001224,AVAILABLE
1225,OL86708W,LIB-001225,AVAILABLE
1226,OL86708W,LIB-001226,AVAILABLE
1227,OL86708W,LIB-001227,AVAILABLE
1228,OL19956167W,LIB-001228,AVAILABLE
1229,OL19956167W,LIB-001229,AVAILABLE
1230,OL19956167W,LIB-001230,AVAILABLE
1231,OL492846W,LIB-001231,AVAILABLE
1232,OL492846W,LIB-001232,AVAILABLE
1233,OL492846W,LIB-001233,AVAILABLE
1234,OL15155560W,LIB-001234,AVAILABLE
1235,OL15155560W,LIB-001235,AVAILABLE
1236,OL15155560W,LIB-001236,AVAILABLE
1237,OL931680W,LIB-001237,AVAILABLE
1238,OL931680W,LIB-001238,AVAILABLE
1239,OL931680W,LIB-001239,AVAILABLE
1240,OL109524W,LIB-001240,AVAILABLE
1241,OL109524W,LIB-001241,AVAILABLE
1242,OL109524W,LIB-001242,AVAILABLE
1243,OL20846121W,LIB-001243,AVAILABLE
1244,OL20846121W,LIB-001244,AVAILABLE
1245,OL20846121W,LIB-001245,AVAILABLE
1246,OL17293267W,LIB-001246,AVAILABLE
1247,OL17293267W,LIB-001247,AVAILABLE
1248,OL17293267W,LIB-001248,AVAILABLE
1249,OL27778127W,LIB-001249,AVAILABLE
1250,OL27778127W,LIB-001250,AVAILABLE
1251,OL27778127W,LIB-001251,AVAILABLE
1252,OL8127897W,LIB-001252,AVAILABLE
1253,OL8127897W,LIB-001253,AVAILABLE
1254,OL8127897W,LIB-001254,AVAILABLE
1255,OL26102449W,LIB-001255,AVAILABLE
1256,OL26102449W,LIB-001256,AVAILABLE
1257,OL26102449W,LIB-001257,AVAILABLE
1258,OL3528302W,LIB-001258,AVAILABLE
1259,OL3528302W,LIB-001259,AVAILABLE
1260,OL3528302W,LIB-001260,AVAILABLE
1261,OL453809W,LIB-001261,AVAILABLE
1262,OL453809W,LIB-001262,AVAILABLE
1263,OL453809W,LIB-001263,AVAILABLE
1264,OL1879162W,LIB-001264,AVAILABLE
1265,OL1879162W,LIB-001265,AVAILABLE
1266,OL1879162W,LIB-001266,AVAILABLE
1267,OL1548597W,LIB-001267,AVAILABLE
1268,OL1548597W,LIB-001268,AVAILABLE
1269,OL1548597W,LIB-001269,AVAILABLE
1270,OL27712932W,LIB-001270,AVAILABLE
1271,OL27712932W,LIB-001271,AVAILABLE
1272,OL27712932W,LIB-001272,AVAILABLE
1273,OL21687423W,LIB-001273,AVAILABLE
1274,OL21687423W,LIB-001274,AVAILABLE
1275,OL21687423W,LIB-001275,AVAILABLE
1276,OL2047903W,LIB-001276,AVAILABLE
1277,OL2047903W,LIB-001277,AVAILABLE
1278,OL2047903W,LIB-001278,AVAILABLE
1279,OL27443549W,LIB-001279,AVAILABLE
1280,OL27443549W,LIB-001280,AVAILABLE
1281,OL27443549W,LIB-001281,AVAILABLE
1282,OL28177681W,LIB-001282,AVAILABLE
1283,OL28177681W,LIB-001283,AVAILABLE
1284,OL28177681W,LIB-001284,AVAILABLE
1285,OL1400344W,LIB-001285,AVAILABLE
1286,OL1400344W,LIB-001286,AVAILABLE
1287,OL1400344W,LIB-001287,AVAILABLE
1288,OL136192W,LIB-001288,AVAILABLE
1289,OL136192W,LIB-001289,AVAILABLE
1290,OL136192W,LIB-001290,AVAILABLE
1291,OL35335015W,LIB-001291,AVAILABLE
1292,OL35335015W,LIB-001292,AVAILABLE
1293,OL35335015W,LIB-001293,AVAILABLE
1294,OL20170862W,LIB-001294,AVAILABLE
1295,OL20170862W,LIB-001295,AVAILABLE
1296,OL20170862W,LIB-001296,AVAILABLE
1297,OL3775449W,LIB-001297,AVAILABLE
1298,OL3775449W,LIB-001298,AVAILABLE
1299,OL3775449W,LIB-001299,AVAILABLE
1300,OL8874329W,LIB-001300,AVAILABLE
1301,OL8874329W,LIB-001301,AVAILABLE
1302,OL8874329W,LIB-001302,AVAILABLE
1303,OL21703280W,LIB-001303,AVAILABLE
1304,OL21703280W,LIB-001304,AVAILABLE
1305,OL21703280W,LIB-001305,AVAILABLE
1306,OL854086W,LIB-001306,AVAILABLE
1307,OL854086W,LIB-001307,AVAILABLE
1308,OL854086W,LIB-001308,AVAILABLE
1309,OL4885721W,LIB-001309,AVAILABLE
1310,OL4885721W,LIB-001310,AVAILABLE
1311,OL4885721W,LIB-001311,AVAILABLE
1312,OL114206W,LIB-001312,AVAILABLE
1313,OL114206W,LIB-001313,AVAILABLE
1314,OL114206W,LIB-001314,AVAILABLE
1315,OL19543605W,LIB-001315,AVAILABLE
1316,OL19543605W,LIB-001316,AVAILABLE
1317,OL19543605W,LIB-001317,AVAILABLE
1318,OL28095854W,LIB-001318,AVAILABLE
1319,OL28095854W,LIB-001319,AVAILABLE
1320,OL28095854W,LIB-001320,AVAILABLE
1321,OL81626W,LIB-001321,AVAILABLE
1322,OL81626W,LIB-001322,AVAILABLE
1323,OL81626W,LIB-001323,AVAILABLE
1324,OL8874327W,LIB-001324,AVAILABLE
1325,OL8874327W,LIB-001325,AVAILABLE
1326,OL8874327W,LIB-001326,AVAILABLE
1327,OL1812096W,LIB-001327,AVAILABLE
1328,OL1812096W,LIB-001328,AVAILABLE
1329,OL1812096W,LIB-001329,AVAILABLE
1330,OL19667653W,LIB-001330,AVAILABLE
1331,OL19667653W,LIB-001331,AVAILABLE
1332,OL19667653W,LIB-001332,AVAILABLE
1333,OL81591W,LIB-001333,AVAILABLE
1334,OL81591W,LIB-001334,AVAILABLE
1335,OL81591W,LIB-001335,AVAILABLE
1336,OL6663058W,LIB-001336,AVAILABLE
1337,OL6663058W,LIB-001337,AVAILABLE
1338,OL6663058W,LIB-001338,AVAILABLE
1339,OL492850W,LIB-001339,AVAILABLE
1340,OL492850W,LIB-001340,AVAILABLE
1341,OL492850W,LIB-001341,AVAILABLE
1342,OL24798950W,LIB-001342,AVAILABLE
1343,OL24798950W,LIB-001343,AVAILABLE
1344,OL24798950W,LIB-001344,AVAILABLE
1345,OL20056161W,LIB-001345,AVAILABLE
1346,OL20056161W,LIB-001346,AVAILABLE
1347,OL20056161W,LIB-001347,AVAILABLE
1348,OL46267W,LIB-001348,AVAILABLE
1349,OL46267W,LIB-001349,AVAILABLE
1350,OL46267W,LIB-001350,AVAILABLE
1351,OL497655W,LIB-001351,AVAILABLE
1352,OL497655W,LIB-001352,AVAILABLE
1353,OL497655W,LIB-001353,AVAILABLE
1354,OL21163225W,LIB-001354,AVAILABLE
1355,OL21163225W,LIB-001355,AVAILABLE
1356,OL21163225W,LIB-001356,AVAILABLE
1357,OL37889158W,LIB-001357,AVAILABLE
1358,OL37889158W,LIB-001358,AVAILABLE
1359,OL37889158W,LIB-001359,AVAILABLE
1360,OL81615W,LIB-001360,AVAILABLE
1361,OL81615W,LIB-001361,AVAILABLE
1362,OL81615W,LIB-001362,AVAILABLE
1363,OL9486351W,LIB-001363,AVAILABLE
1364,OL9486351W,LIB-001364,AVAILABLE
1365,OL9486351W,LIB-001365,AVAILABLE
1366,OL21244735W,LIB-001366,AVAILABLE
1367,OL21244735W,LIB-001367,AVAILABLE
1368,OL21244735W,LIB-001368,AVAILABLE
1369,OL21745884W,LIB-001369,AVAILABLE
1370,OL21745884W,LIB-001370,AVAILABLE
1371,OL21745884W,LIB-001371,AVAILABLE
1372,OL33022857W,LIB-001372,AVAILABLE
1373,OL33022857W,LIB-001373,AVAILABLE
1374,OL33022857W,LIB-001374,AVAILABLE
1375,OL16118274W,LIB-001375,AVAILABLE
1376,OL16118274W,LIB-001376,AVAILABLE
1377,OL16118274W,LIB-001377,AVAILABLE
1378,OL52267W,LIB-001378,AVAILABLE
1379,OL52267W,LIB-001379,AVAILABLE
1380,OL52267W,LIB-001380,AVAILABLE
1381,OL24723004W,LIB-001381,AVAILABLE
1382,OL24723004W,LIB-001382,AVAILABLE
1383,OL24723004W,LIB-001383,AVAILABLE
1384,OL492868W,LIB-001384,AVAILABLE
1385,OL492868W,LIB-001385,AVAILABLE
1386,OL492868W,LIB-001386,AVAILABLE
1387,OL2674186W,LIB-001387,AVAILABLE
1388,OL2674186W,LIB-001388,AVAILABLE
1389,OL2674186W,LIB-001389,AVAILABLE
1390,OL2694607W,LIB-001390,AVAILABLE
1391,OL2694607W,LIB-001391,AVAILABLE
1392,OL2694607W,LIB-001392,AVAILABLE
1393,OL71938W,LIB-001393,AVAILABLE
1394,OL71938W,LIB-001394,AVAILABLE
1395,OL71938W,LIB-001395,AVAILABLE
1396,OL2758708W,LIB-001396,AVAILABLE
1397,OL2758708W,LIB-001397,AVAILABLE
1398,OL2758708W,LIB-001398,AVAILABLE
1399,OL3951699W,LIB-001399,AVAILABLE
1400,OL3951699W,LIB-001400,AVAILABLE
1401,OL3951699W,LIB-001401,AVAILABLE
1402,OL547443W,LIB-001402,AVAILABLE
1403,OL547443W,LIB-001403,AVAILABLE
1404,OL547443W,LIB-001404,AVAILABLE
1405,OL26417008W,LIB-001405,AVAILABLE
1406,OL26417008W,LIB-001406,AVAILABLE
1407,OL26417008W,LIB-001407,AVAILABLE
1408,OL27740936W,LIB-001408,AVAILABLE
1409,OL27740936W,LIB-001409,AVAILABLE
1410,OL27740936W,LIB-001410,AVAILABLE
1411,OL1909529W,LIB-001411,AVAILABLE
1412,OL1909529W,LIB-001412,AVAILABLE
1413,OL1909529W,LIB-001413,AVAILABLE
1414,OL1807144W,LIB-001414,AVAILABLE
1415,OL1807144W,LIB-001415,AVAILABLE
1416,OL1807144W,LIB-001416,AVAILABLE
1417,OL17062645W,LIB-001417,AVAILABLE
1418,OL17062645W,LIB-001418,AVAILABLE
1419,OL17062645W,LIB-001419,AVAILABLE
1420,OL16247898W,LIB-001420,AVAILABLE
1421,OL16247898W,LIB-001421,AVAILABLE
1422,OL16247898W,LIB-001422,AVAILABLE
1423,OL5513469W,LIB-001423,AVAILABLE
1424,OL5513469W,LIB-001424,AVAILABLE
1425,OL5513469W,LIB-001425,AVAILABLE
1426,OL469108W,LIB-001426,AVAILABLE
1427,OL469108W,LIB-001427,AVAILABLE
1428,OL469108W,LIB-001428,AVAILABLE
1429,OL20924915W,LIB-001429,AVAILABLE
1430,OL20924915W,LIB-001430,AVAILABLE
1431,OL20924915W,LIB-001431,AVAILABLE
1432,OL6730346W,LIB-001432,AVAILABLE
1433,OL6730346W,LIB-001433,AVAILABLE
1434,OL6730346W,LIB-001434,AVAILABLE
1435,OL7133696W,LIB-001435,AVAILABLE
1436,OL7133696W,LIB-001436,AVAILABLE
1437,OL7133696W,LIB-001437,AVAILABLE
1438,OL21480784W,LIB-001438,AVAILABLE
1439,OL21480784W,LIB-001439,AVAILABLE
1440,OL21480784W,LIB-001440,AVAILABLE
1441,OL15415810W,LIB-001441,AVAILABLE
1442,OL15415810W,LIB-001442,AVAILABLE
1443,OL15415810W,LIB-001443,AVAILABLE
1444,OL547734W,LIB-001444,AVAILABLE
1445,OL547734W,LIB-001445,AVAILABLE
1446,OL547734W,LIB-001446,AVAILABLE
1447,OL21209498W,LIB-001447,AVAILABLE
1448,OL21209498W,LIB-001448,AVAILABLE
1449,OL21209498W,LIB-001449,AVAILABLE
1450,OL20073906W,LIB-001450,AVAILABLE
1451,OL20073906W,LIB-001451,AVAILABLE
1452,OL20073906W,LIB-001452,AVAILABLE
1453,OL37510789W,LIB-001453,AVAILABLE
1454,OL37510789W,LIB-001454,AVAILABLE
1455,OL37510789W,LIB-001455,AVAILABLE
1456,OL1857683W,LIB-001456,AVAILABLE
1457,OL1857683W,LIB-001457,AVAILABLE
1458,OL1857683W,LIB-001458,AVAILABLE
1459,OL98980W,LIB-001459,AVAILABLE
1460,OL98980W,LIB-001460,AVAILABLE
1461,OL98980W,LIB-001461,AVAILABLE
1462,OL5682519W,LIB-001462,AVAILABLE
1463,OL5682519W,LIB-001463,AVAILABLE
1464,OL5682519W,LIB-001464,AVAILABLE
1465,OL42394587W,LIB-001465,AVAILABLE
1466,OL42394587W,LIB-001466,AVAILABLE
1467,OL42394587W,LIB-001467,AVAILABLE
1468,OL21237781W,LIB-001468,AVAILABLE
1469,OL21237781W,LIB-001469,AVAILABLE
1470,OL21237781W,LIB-001470,AVAILABLE
1471,OL26446888W,LIB-001471,AVAILABLE
1472,OL26446888W,LIB-001472,AVAILABLE
1473,OL26446888W,LIB-001473,AVAILABLE
1474,OL14974949W,LIB-001474,AVAILABLE
1475,OL14974949W,LIB-001475,AVAILABLE
1476,OL14974949W,LIB-001476,AVAILABLE
1477,OL15335027W,LIB-001477,AVAILABLE
1478,OL15335027W,LIB-001478,AVAILABLE
1479,OL15335027W,LIB-001479,AVAILABLE
1480,OL20027324W,LIB-001480,AVAILABLE
1481,OL20027324W,LIB-001481,AVAILABLE
1482,OL20027324W,LIB-001482,AVAILABLE
1483,OL20646270W,LIB-001483,AVAILABLE
1484,OL20646270W,LIB-001484,AVAILABLE
1485,OL20646270W,LIB-001485,AVAILABLE
1486,OL114233W,LIB-001486,AVAILABLE
1487,OL114233W,LIB-001487,AVAILABLE
1488,OL114233W,LIB-001488,AVAILABLE
1489,OL1932956W,LIB-001489,AVAILABLE
1490,OL1932956W,LIB-001490,AVAILABLE
1491,OL1932956W,LIB-001491,AVAILABLE
1492,OL17324632W,LIB-001492,AVAILABLE
1493,OL17324632W,LIB-001493,AVAILABLE
1494,OL17324632W,LIB-001494,AVAILABLE
1495,OL46347W,LIB-001495,AVAILABLE
1496,OL46347W,LIB-001496,AVAILABLE
1497,OL46347W,LIB-001497,AVAILABLE
1498,OL18189897W,LIB-001498,AVAILABLE
1499,OL18189897W,LIB-001499,AVAILABLE
1500,OL18189897W,LIB-001500,AVAILABLE
1501,OL7956442W,LIB-001501,AVAILABLE
1502,OL7956442W,LIB-001502,AVAILABLE
1503,OL7956442W,LIB-001503,AVAILABLE
1504,OL20756743W,LIB-001504,AVAILABLE
1505,OL20756743W,LIB-001505,AVAILABLE
1506,OL20756743W,LIB-001506,AVAILABLE
1507,OL17639677W,LIB-001507,AVAILABLE
1508,OL17639677W,LIB-001508,AVAILABLE
1509,OL17639677W,LIB-001509,AVAILABLE
1510,OL8365251W,LIB-001510,AVAILABLE
1511,OL8365251W,LIB-001511,AVAILABLE
1512,OL8365251W,LIB-001512,AVAILABLE
1513,OL1285005W,LIB-001513,AVAILABLE
1514,OL1285005W,LIB-001514,AVAILABLE
1515,OL1285005W,LIB-001515,AVAILABLE
1516,OL27684244W,LIB-001516,AVAILABLE
1517,OL27684244W,LIB-001517,AVAILABLE
1518,OL27684244W,LIB-001518,AVAILABLE
1519,OL20458480W,LIB-001519,AVAILABLE
1520,OL20458480W,LIB-001520,AVAILABLE
1521,OL20458480W,LIB-001521,AVAILABLE
1522,OL498434W,LIB-001522,AVAILABLE
1523,OL498434W,LIB-001523,AVAILABLE
1524,OL498434W,LIB-001524,AVAILABLE
1525,OL1629183W,LIB-001525,AVAILABLE
1526,OL1629183W,LIB-001526,AVAILABLE
1527,OL1629183W,LIB-001527,AVAILABLE
1528,OL27311513W,LIB-001528,AVAILABLE
1529,OL27311513W,LIB-001529,AVAILABLE
1530,OL27311513W,LIB-001530,AVAILABLE
1531,OL3261152W,LIB-001531,AVAILABLE
1532,OL3261152W,LIB-001532,AVAILABLE
1533,OL3261152W,LIB-001533,AVAILABLE
1534,OL4437465W,LIB-001534,AVAILABLE
1535,OL4437465W,LIB-001535,AVAILABLE
1536,OL4437465W,LIB-001536,AVAILABLE
1537,OL492855W,LIB-001537,AVAILABLE
1538,OL492855W,LIB-001538,AVAILABLE
1539,OL492855W,LIB-001539,AVAILABLE
1540,OL1737320W,LIB-001540,AVAILABLE
1541,OL1737320W,LIB-001541,AVAILABLE
1542,OL1737320W,LIB-001542,AVAILABLE
1543,OL15156996W,LIB-001543,AVAILABLE
1544,OL15156996W,LIB-001544,AVAILABLE
1545,OL15156996W,LIB-001545,AVAILABLE
1546,OL17079157W,LIB-001546,AVAILABLE
1547,OL17079157W,LIB-001547,AVAILABLE
1548,OL17079157W,LIB-001548,AVAILABLE
1549,OL15250292W,LIB-001549,AVAILABLE
1550,OL15250292W,LIB-001550,AVAILABLE
1551,OL15250292W,LIB-001551,AVAILABLE
1552,OL45804W,LIB-001552,AVAILABLE
1553,OL45804W,LIB-001553,AVAILABLE
1554,OL45804W,LIB-001554,AVAILABLE
1555,OL4820949W,LIB-001555,AVAILABLE
1556,OL4820949W,LIB-001556,AVAILABLE
1557,OL4820949W,LIB-001557,AVAILABLE
1558,OL14975250W,LIB-001558,AVAILABLE
1559,OL14975250W,LIB-001559,AVAILABLE
1560,OL14975250W,LIB-001560,AVAILABLE
1561,OL498776W,LIB-001561,AVAILABLE
1562,OL498776W,LIB-001562,AVAILABLE
1563,OL498776W,LIB-001563,AVAILABLE
1564,OL19998710W,LIB-001564,AVAILABLE
1565,OL19998710W,LIB-001565,AVAILABLE
1566,OL19998710W,LIB-001566,AVAILABLE
1567,OL102483W,LIB-001567,AVAILABLE
1568,OL102483W,LIB-001568,AVAILABLE
1569,OL102483W,LIB-001569,AVAILABLE
1570,OL70988W,LIB-001570,AVAILABLE
1571,OL70988W,LIB-001571,AVAILABLE
1572,OL70988W,LIB-001572,AVAILABLE
1573,OL497486W,LIB-001573,AVAILABLE
1574,OL497486W,LIB-001574,AVAILABLE
1575,OL497486W,LIB-001575,AVAILABLE
1576,OL15104047W,LIB-001576,AVAILABLE
1577,OL15104047W,LIB-001577,AVAILABLE
1578,OL15104047W,LIB-001578,AVAILABLE
1579,OL5762090W,LIB-001579,AVAILABLE
1580,OL5762090W,LIB-001580,AVAILABLE
1581,OL5762090W,LIB-001581,AVAILABLE
1582,OL2641395W,LIB-001582,AVAILABLE
1583,OL2641395W,LIB-001583,AVAILABLE
1584,OL2641395W,LIB-001584,AVAILABLE
1585,OL17714701W,LIB-001585,AVAILABLE
1586,OL17714701W,LIB-001586,AVAILABLE
1587,OL17714701W,LIB-001587,AVAILABLE
1588,OL2565406W,LIB-001588,AVAILABLE
1589,OL2565406W,LIB-001589,AVAILABLE
1590,OL2565406W,LIB-001590,AVAILABLE
1591,OL16240073W,LIB-001591,AVAILABLE
1592,OL16240073W,LIB-001592,AVAILABLE
1593,OL16240073W,LIB-001593,AVAILABLE
1594,OL2455828W,LIB-001594,AVAILABLE
1595,OL2455828W,LIB-001595,AVAILABLE
1596,OL2455828W,LIB-001596,AVAILABLE
1597,OL15191421W,LIB-001597,AVAILABLE
1598,OL15191421W,LIB-001598,AVAILABLE
1599,OL15191421W,LIB-001599,AVAILABLE
1600,OL1853064W,LIB-001600,AVAILABLE
1601,OL1853064W,LIB-001601,AVAILABLE
1602,OL1853064W,LIB-001602,AVAILABLE
1603,OL282391W,LIB-001603,AVAILABLE
1604,OL282391W,LIB-001604,AVAILABLE
1605,OL282391W,LIB-001605,AVAILABLE
1606,OL19977665W,LIB-001606,AVAILABLE
1607,OL19977665W,LIB-001607,AVAILABLE
1608,OL19977665W,LIB-001608,AVAILABLE
1609,OL9086929W,LIB-001609,AVAILABLE
1610,OL9086929W,LIB-001610,AVAILABLE
1611,OL9086929W,LIB-001611,AVAILABLE
1612,OL81624W,LIB-001612,AVAILABLE
1613,OL81624W,LIB-001613,AVAILABLE
1614,OL81624W,LIB-001614,AVAILABLE
1615,OL30997182W,LIB-001615,AVAILABLE
1616,OL30997182W,LIB-001616,AVAILABLE
1617,OL30997182W,LIB-001617,AVAILABLE
1618,OL21155636W,LIB-001618,AVAILABLE
1619,OL21155636W,LIB-001619,AVAILABLE
1620,OL21155636W,LIB-001620,AVAILABLE
1621,OL17770504W,LIB-001621,AVAILABLE
1622,OL17770504W,LIB-001622,AVAILABLE
1623,OL17770504W,LIB-001623,AVAILABLE
1624,OL38935132W,LIB-001624,AVAILABLE
1625,OL38935132W,LIB-001625,AVAILABLE
1626,OL38935132W,LIB-001626,AVAILABLE
1627,OL12375910W,LIB-001627,AVAILABLE
1628,OL12375910W,LIB-001628,AVAILABLE
1629,OL12375910W,LIB-001629,AVAILABLE
1630,OL28020413W,LIB-001630,AVAILABLE
1631,OL28020413W,LIB-001631,AVAILABLE
1632,OL28020413W,LIB-001632,AVAILABLE
1633,OL20348172W,LIB-001633,AVAILABLE
1634,OL20348172W,LIB-001634,AVAILABLE
1635,OL20348172W,LIB-001635,AVAILABLE
1636,OL8719725W,LIB-001636,AVAILABLE
1637,OL8719725W,LIB-001637,AVAILABLE
1638,OL8719725W,LIB-001638,AVAILABLE
1639,OL26121595W,LIB-001639,AVAILABLE
1640,OL26121595W,LIB-001640,AVAILABLE
1641,OL26121595W,LIB-001641,AVAILABLE
1642,OL15210977W,LIB-001642,AVAILABLE
1643,OL15210977W,LIB-001643,AVAILABLE
1644,OL15210977W,LIB-001644,AVAILABLE
1645,OL74757W,LIB-001645,AVAILABLE
1646,OL74757W,LIB-001646,AVAILABLE
1647,OL74757W,LIB-001647,AVAILABLE
1648,OL13654476W,LIB-001648,AVAILABLE
1649,OL13654476W,LIB-001649,AVAILABLE
1650,OL13654476W,LIB-001650,AVAILABLE
1651,OL2669096W,LIB-001651,AVAILABLE
1652,OL2669096W,LIB-001652,AVAILABLE
1653,OL2669096W,LIB-001653,AVAILABLE
1654,OL16565089W,LIB-001654,AVAILABLE
1655,OL16565089W,LIB-001655,AVAILABLE
1656,OL16565089W,LIB-001656,AVAILABLE
1657,OL17399387W,LIB-001657,AVAILABLE
1658,OL17399387W,LIB-001658,AVAILABLE
1659,OL17399387W,LIB-001659,AVAILABLE
1660,OL16929630W,LIB-001660,AVAILABLE
1661,OL16929630W,LIB-001661,AVAILABLE
1662,OL16929630W,LIB-001662,AVAILABLE
1663,OL35711197W,LIB-001663,AVAILABLE
1664,OL35711197W,LIB-001664,AVAILABLE
1665,OL35711197W,LIB-001665,AVAILABLE
1666,OL20901884W,LIB-001666,AVAILABLE
1667,OL20901884W,LIB-001667,AVAILABLE
1668,OL20901884W,LIB-001668,AVAILABLE
1669,OL1594442W,LIB-001669,AVAILABLE
1670,OL1594442W,LIB-001670,AVAILABLE
1671,OL1594442W,LIB-001671,AVAILABLE
1672,OL2950903W,LIB-001672,AVAILABLE
1673,OL2950903W,LIB-001673,AVAILABLE
1674,OL2950903W,LIB-001674,AVAILABLE
1675,OL81608W,LIB-001675,AVAILABLE
1676,OL81608W,LIB-001676,AVAILABLE
1677,OL81608W,LIB-001677,AVAILABLE
1678,OL471738W,LIB-001678,AVAILABLE
1679,OL471738W,LIB-001679,AVAILABLE
1680,OL471738W,LIB-001680,AVAILABLE
1681,OL19753795W,LIB-001681,AVAILABLE
1682,OL19753795W,LIB-001682,AVAILABLE
1683,OL19753795W,LIB-001683,AVAILABLE
1684,OL362699W,LIB-001684,AVAILABLE
1685,OL362699W,LIB-001685,AVAILABLE
1686,OL362699W,LIB-001686,AVAILABLE
1687,OL16808654W,LIB-001687,AVAILABLE
1688,OL16808654W,LIB-001688,AVAILABLE
1689,OL16808654W,LIB-001689,AVAILABLE
1690,OL125293W,LIB-001690,AVAILABLE
1691,OL125293W,LIB-001691,AVAILABLE
1692,OL125293W,LIB-001692,AVAILABLE
1693,OL3457933W,LIB-001693,AVAILABLE
1694,OL3457933W,LIB-001694,AVAILABLE
1695,OL3457933W,LIB-001695,AVAILABLE
1696,OL2998618W,LIB-001696,AVAILABLE
1697,OL2998618W,LIB-001697,AVAILABLE
1698,OL2998618W,LIB-001698,AVAILABLE
1699,OL16224122W,LIB-001699,AVAILABLE
1700,OL16224122W,LIB-001700,AVAILABLE
1701,OL16224122W,LIB-001701,AVAILABLE
1702,OL18203673W,LIB-001702,AVAILABLE
1703,OL18203673W,LIB-001703,AVAILABLE
1704,OL18203673W,LIB-001704,AVAILABLE
1705,OL16177531W,LIB-001705,AVAILABLE
1706,OL16177531W,LIB-001706,AVAILABLE
1707,OL16177531W,LIB-001707,AVAILABLE
1708,OL25324546W,LIB-001708,AVAILABLE
1709,OL25324546W,LIB-001709,AVAILABLE
1710,OL25324546W,LIB-001710,AVAILABLE
1711,OL35709434W,LIB-001711,AVAILABLE
1712,OL35709434W,LIB-001712,AVAILABLE
1713,OL35709434W,LIB-001713,AVAILABLE
1714,OL167147W,LIB-001714,AVAILABLE
1715,OL167147W,LIB-001715,AVAILABLE
1716,OL167147W,LIB-001716,AVAILABLE
1717,OL14908941W,LIB-001717,AVAILABLE
1718,OL14908941W,LIB-001718,AVAILABLE
1719,OL14908941W,LIB-001719,AVAILABLE
1720,OL17795349W,LIB-001720,AVAILABLE
1721,OL17795349W,LIB-001721,AVAILABLE
1722,OL17795349W,LIB-001722,AVAILABLE
1723,OL77014W,LIB-001723,AVAILABLE
1724,OL77014W,LIB-001724,AVAILABLE
1725,OL77014W,LIB-001725,AVAILABLE
1726,OL81629W,LIB-001726,AVAILABLE
1727,OL81629W,LIB-001727,AVAILABLE
1728,OL81629W,LIB-001728,AVAILABLE
1729,OL10449613W,LIB-001729,AVAILABLE
1730,OL10449613W,LIB-001730,AVAILABLE
1731,OL10449613W,LIB-001731,AVAILABLE
1732,OL21214534W,LIB-001732,AVAILABLE
1733,OL21214534W,LIB-001733,AVAILABLE
1734,OL21214534W,LIB-001734,AVAILABLE
1735,OL61407W,LIB-001735,AVAILABLE
1736,OL61407W,LIB-001736,AVAILABLE
1737,OL61407W,LIB-001737,AVAILABLE
1738,OL46913W,LIB-001738,AVAILABLE
1739,OL46913W,LIB-001739,AVAILABLE
1740,OL46913W,LIB-001740,AVAILABLE
1741,OL23290147W,LIB-001741,AVAILABLE
1742,OL23290147W,LIB-001742,AVAILABLE
1743,OL23290147W,LIB-001743,AVAILABLE
1744,OL45878W,LIB-001744,AVAILABLE
1745,OL45878W,LIB-001745,AVAILABLE
1746,OL45878W,LIB-001746,AVAILABLE
1747,OL2036087W,LIB-001747,AVAILABLE
1748,OL2036087W,LIB-001748,AVAILABLE
1749,OL2036087W,LIB-001749,AVAILABLE
1750,OL472100W,LIB-001750,AVAILABLE
1751,OL472100W,LIB-001751,AVAILABLE
1752,OL472100W,LIB-001752,AVAILABLE
1753,OL15369411W,LIB-001753,AVAILABLE
1754,OL15369411W,LIB-001754,AVAILABLE
1755,OL15369411W,LIB-001755,AVAILABLE
1756,OL77828W,LIB-001756,AVAILABLE
1757,OL77828W,LIB-001757,AVAILABLE
1758,OL77828W,LIB-001758,AVAILABLE
1759,OL35223328W,LIB-001759,AVAILABLE
1760,OL35223328W,LIB-001760,AVAILABLE
1761,OL35223328W,LIB-001761,AVAILABLE
1762,OL5851856W,LIB-001762,AVAILABLE
1763,OL5851856W,LIB-001763,AVAILABLE
1764,OL5851856W,LIB-001764,AVAILABLE
1765,OL16993170W,LIB-001765,AVAILABLE
1766,OL16993170W,LIB-001766,AVAILABLE
1767,OL16993170W,LIB-001767,AVAILABLE
1768,OL3759059W,LIB-001768,AVAILABLE
1769,OL3759059W,LIB-001769,AVAILABLE
1770,OL3759059W,LIB-001770,AVAILABLE
1771,OL62979W,LIB-001771,AVAILABLE
1772,OL62979W,LIB-001772,AVAILABLE
1773,OL62979W,LIB-001773,AVAILABLE
1774,OL74030W,LIB-001774,AVAILABLE
1775,OL74030W,LIB-001775,AVAILABLE
1776,OL74030W,LIB-001776,AVAILABLE
1777,OL4460138W,LIB-001777,AVAILABLE
1778,OL4460138W,LIB-001778,AVAILABLE
1779,OL4460138W,LIB-001779,AVAILABLE
1780,OL2772007W,LIB-001780,AVAILABLE
1781,OL2772007W,LIB-001781,AVAILABLE
1782,OL2772007W,LIB-001782,AVAILABLE
1783,OL18934W,LIB-001783,AVAILABLE
1784,OL18934W,LIB-001784,AVAILABLE
1785,OL18934W,LIB-001785,AVAILABLE
1786,OL19853361W,LIB-001786,AVAILABLE
1787,OL19853361W,LIB-001787,AVAILABLE
1788,OL19853361W,LIB-001788,AVAILABLE
1789,OL1839162W,LIB-001789,AVAILABLE
1790,OL1839162W,LIB-001790,AVAILABLE
1791,OL1839162W,LIB-001791,AVAILABLE
1792,OL15105557W,LIB-001792,AVAILABLE
1793,OL15105557W,LIB-001793,AVAILABLE
1794,OL15105557W,LIB-001794,AVAILABLE
1795,OL1693736W,LIB-001795,AVAILABLE
1796,OL1693736W,LIB-001796,AVAILABLE
1797,OL1693736W,LIB-001797,AVAILABLE
1798,OL37835104W,LIB-001798,AVAILABLE
1799,OL37835104W,LIB-001799,AVAILABLE
1800,OL37835104W,LIB-001800,AVAILABLE
1801,OL468485W,LIB-001801,AVAILABLE
1802,OL468485W,LIB-001802,AVAILABLE
1803,OL468485W,LIB-001803,AVAILABLE
1804,OL17912057W,LIB-001804,AVAILABLE
1805,OL17912057W,LIB-001805,AVAILABLE
1806,OL17912057W,LIB-001806,AVAILABLE
1807,OL3759116W,LIB-001807,AVAILABLE
1808,OL3759116W,LIB-001808,AVAILABLE
1809,OL3759116W,LIB-001809,AVAILABLE
1810,OL2140307W,LIB-001810,AVAILABLE
1811,OL2140307W,LIB-001811,AVAILABLE
1812,OL2140307W,LIB-001812,AVAILABLE
1813,OL24021767W,LIB-001813,AVAILABLE
1814,OL24021767W,LIB-001814,AVAILABLE
1815,OL24021767W,LIB-001815,AVAILABLE
1816,OL14871979W,LIB-001816,AVAILABLE
1817,OL14871979W,LIB-001817,AVAILABLE
1818,OL14871979W,LIB-001818,AVAILABLE
1819,OL21222W,LIB-001819,AVAILABLE
1820,OL21222W,LIB-001820,AVAILABLE
1821,OL21222W,LIB-001821,AVAILABLE
1822,OL20168133W,LIB-001822,AVAILABLE
1823,OL20168133W,LIB-001823,AVAILABLE
1824,OL20168133W,LIB-001824,AVAILABLE
1825,OL472594W,LIB-001825,AVAILABLE
1826,OL472594W,LIB-001826,AVAILABLE
1827,OL472594W,LIB-001827,AVAILABLE
1828,OL15156187W,LIB-001828,AVAILABLE
1829,OL15156187W,LIB-001829,AVAILABLE
1830,OL15156187W,LIB-001830,AVAILABLE
1831,OL492863W,LIB-001831,AVAILABLE
1832,OL492863W,LIB-001832,AVAILABLE
1833,OL492863W,LIB-001833,AVAILABLE
1834,OL15202030W,LIB-001834,AVAILABLE
1835,OL15202030W,LIB-001835,AVAILABLE
1836,OL15202030W,LIB-001836,AVAILABLE
1837,OL17312811W,LIB-001837,AVAILABLE
1838,OL17312811W,LIB-001838,AVAILABLE
1839,OL17312811W,LIB-001839,AVAILABLE
1840,OL1808391W,LIB-001840,AVAILABLE
1841,OL1808391W,LIB-001841,AVAILABLE
1842,OL1808391W,LIB-001842,AVAILABLE
1843,OL5730760W,LIB-001843,AVAILABLE
1844,OL5730760W,LIB-001844,AVAILABLE
1845,OL5730760W,LIB-001845,AVAILABLE
1846,OL21001632W,LIB-001846,AVAILABLE
1847,OL21001632W,LIB-001847,AVAILABLE
1848,OL21001632W,LIB-001848,AVAILABLE
1849,OL42735465W,LIB-001849,AVAILABLE
1850,OL42735465W,LIB-001850,AVAILABLE
1851,OL42735465W,LIB-001851,AVAILABLE
1852,OL19922194W,LIB-001852,AVAILABLE
1853,OL19922194W,LIB-001853,AVAILABLE
1854,OL19922194W,LIB-001854,AVAILABLE
1855,OL2032884W,LIB-001855,AVAILABLE
1856,OL2032884W,LIB-001856,AVAILABLE
1857,OL2032884W,LIB-001857,AVAILABLE
1858,OL8088570W,LIB-001858,AVAILABLE
1859,OL8088570W,LIB-001859,AVAILABLE
1860,OL8088570W,LIB-001860,AVAILABLE
1861,OL1865547W,LIB-001861,AVAILABLE
1862,OL1865547W,LIB-001862,AVAILABLE
1863,OL1865547W,LIB-001863,AVAILABLE
1864,OL2969853W,LIB-001864,AVAILABLE
1865,OL2969853W,LIB-001865,AVAILABLE
1866,OL2969853W,LIB-001866,AVAILABLE
1867,OL94652W,LIB-001867,AVAILABLE
1868,OL94652W,LIB-001868,AVAILABLE
1869,OL94652W,LIB-001869,AVAILABLE
1870,OL492822W,LIB-001870,AVAILABLE
1871,OL492822W,LIB-001871,AVAILABLE
1872,OL492822W,LIB-001872,AVAILABLE
1873,OL2727953W,LIB-001873,AVAILABLE
1874,OL2727953W,LIB-001874,AVAILABLE
1875,OL2727953W,LIB-001875,AVAILABLE
1876,OL81603W,LIB-001876,AVAILABLE
1877,OL81603W,LIB-001877,AVAILABLE
1878,OL81603W,LIB-001878,AVAILABLE
1879,OL37917742W,LIB-001879,AVAILABLE
1880,OL37917742W,LIB-001880,AVAILABLE
1881,OL37917742W,LIB-001881,AVAILABLE
1882,OL1984422W,LIB-001882,AVAILABLE
1883,OL1984422W,LIB-001883,AVAILABLE
1884,OL1984422W,LIB-001884,AVAILABLE
1885,OL554621W,LIB-001885,AVAILABLE
1886,OL554621W,LIB-001886,AVAILABLE
1887,OL554621W,LIB-001887,AVAILABLE
1888,OL27254W,LIB-001888,AVAILABLE
1889,OL27254W,LIB-001889,AVAILABLE
1890,OL27254W,LIB-001890,AVAILABLE
1891,OL8075674W,LIB-001891,AVAILABLE
1892,OL8075674W,LIB-001892,AVAILABLE
1893,OL8075674W,LIB-001893,AVAILABLE
1894,OL59384W,LIB-001894,AVAILABLE
1895,OL59384W,LIB-001895,AVAILABLE
1896,OL59384W,LIB-001896,AVAILABLE
1897,OL3743761W,LIB-001897,AVAILABLE
1898,OL3743761W,LIB-001898,AVAILABLE
1899,OL3743761W,LIB-001899,AVAILABLE
1900,OL1643767W,LIB-001900,AVAILABLE
1901,OL1643767W,LIB-001901,AVAILABLE
1902,OL1643767W,LIB-001902,AVAILABLE
1903,OL2329258W,LIB-001903,AVAILABLE
1904,OL2329258W,LIB-001904,AVAILABLE
1905,OL2329258W,LIB-001905,AVAILABLE
1906,OL3530016W,LIB-001906,AVAILABLE
1907,OL3530016W,LIB-001907,AVAILABLE
1908,OL3530016W,LIB-001908,AVAILABLE
1909,OL19853066W,LIB-001909,AVAILABLE
1910,OL19853066W,LIB-001910,AVAILABLE
1911,OL19853066W,LIB-001911,AVAILABLE
1912,OL17546674W,LIB-001912,AVAILABLE
1913,OL17546674W,LIB-001913,AVAILABLE
1914,OL17546674W,LIB-001914,AVAILABLE
1915,OL17101027W,LIB-001915,AVAILABLE
1916,OL17101027W,LIB-001916,AVAILABLE
1917,OL17101027W,LIB-001917,AVAILABLE
1918,OL20991847W,LIB-001918,AVAILABLE
1919,OL20991847W,LIB-001919,AVAILABLE
1920,OL20991847W,LIB-001920,AVAILABLE
1921,OL20662679W,LIB-001921,AVAILABLE
1922,OL20662679W,LIB-001922,AVAILABLE
1923,OL20662679W,LIB-001923,AVAILABLE
1924,OL4098604W,LIB-001924,AVAILABLE
1925,OL4098604W,LIB-001925,AVAILABLE
1926,OL4098604W,LIB-001926,AVAILABLE
1927,OL45827W,LIB-001927,AVAILABLE
1928,OL45827W,LIB-001928,AVAILABLE
1929,OL45827W,LIB-001929,AVAILABLE
1930,OL6671303W,LIB-001930,AVAILABLE
1931,OL6671303W,LIB-001931,AVAILABLE
1932,OL6671303W,LIB-001932,AVAILABLE
1933,OL15500391W,LIB-001933,AVAILABLE
1934,OL15500391W,LIB-001934,AVAILABLE
1935,OL15500391W,LIB-001935,AVAILABLE
1936,OL65906W,LIB-001936,AVAILABLE
1937,OL65906W,LIB-001937,AVAILABLE
1938,OL65906W,LIB-001938,AVAILABLE
1939,OL2697007W,LIB-001939,AVAILABLE
1940,OL2697007W,LIB-001940,AVAILABLE
1941,OL2697007W,LIB-001941,AVAILABLE
1942,OL24147203W,LIB-001942,AVAILABLE
1943,OL24147203W,LIB-001943,AVAILABLE
1944,OL24147203W,LIB-001944,AVAILABLE
1945,OL1829859W,LIB-001945,AVAILABLE
1946,OL1829859W,LIB-001946,AVAILABLE
1947,OL1829859W,LIB-001947,AVAILABLE
1948,OL21471891W,LIB-001948,AVAILABLE
1949,OL21471891W,LIB-001949,AVAILABLE
1950,OL21471891W,LIB-001950,AVAILABLE
1951,OL1824432W,LIB-001951,AVAILABLE
1952,OL1824432W,LIB-001952,AVAILABLE
1953,OL1824432W,LIB-001953,AVAILABLE
1954,OL22642148W,LIB-001954,AVAILABLE
1955,OL22642148W,LIB-001955,AVAILABLE
1956,OL22642148W,LIB-001956,AVAILABLE
1957,OL120677W,LIB-001957,AVAILABLE
1958,OL120677W,LIB-001958,AVAILABLE
1959,OL120677W,LIB-001959,AVAILABLE
1960,OL39357102W,LIB-001960,AVAILABLE
1961,OL39357102W,LIB-001961,AVAILABLE
1962,OL39357102W,LIB-001962,AVAILABLE
1963,OL45148778W,LIB-001963,AVAILABLE
1964,OL45148778W,LIB-001964,AVAILABLE
1965,OL45148778W,LIB-001965,AVAILABLE
1966,OL16915180W,LIB-001966,AVAILABLE
1967,OL16915180W,LIB-001967,AVAILABLE
1968,OL16915180W,LIB-001968,AVAILABLE
1969,OL6224700W,LIB-001969,AVAILABLE
1970,OL6224700W,LIB-001970,AVAILABLE
1971,OL6224700W,LIB-001971,AVAILABLE
1972,OL35744302W,LIB-001972,AVAILABLE
1973,OL35744302W,LIB-001973,AVAILABLE
1974,OL35744302W,LIB-001974,AVAILABLE
1975,OL15164456W,LIB-001975,AVAILABLE
1976,OL15164456W,LIB-001976,AVAILABLE
1977,OL15164456W,LIB-001977,AVAILABLE
1978,OL17411569W,LIB-001978,AVAILABLE
1979,OL17411569W,LIB-001979,AVAILABLE
1980,OL17411569W,LIB-001980,AVAILABLE
1981,OL82586W,LIB-001981,AVAILABLE
1982,OL82586W,LIB-001982,AVAILABLE
1983,OL82586W,LIB-001983,AVAILABLE
1984,OL81630W,LIB-001984,AVAILABLE
1985,OL81630W,LIB-001985,AVAILABLE
1986,OL81630W,LIB-001986,AVAILABLE
1987,OL17546573W,LIB-001987,AVAILABLE
1988,OL17546573W,LIB-001988,AVAILABLE
1989,OL17546573W,LIB-001989,AVAILABLE
1990,OL22643710W,LIB-001990,AVAILABLE
1991,OL22643710W,LIB-001991,AVAILABLE
1992,OL22643710W,LIB-001992,AVAILABLE
1993,OL81625W,LIB-001993,AVAILABLE
1994,OL81625W,LIB-001994,AVAILABLE
1995,OL81625W,LIB-001995,AVAILABLE
1996,OL8264971W,LIB-001996,AVAILABLE
1997,OL8264971W,LIB-001997,AVAILABLE
1998,OL8264971W,LIB-001998,AVAILABLE
1999,OL17513152W,LIB-001999,AVAILABLE
2000,OL17513152W,LIB-002000,AVAILABLE
2001,OL17513152W,LIB-002001,AVAILABLE
2002,OL492842W,LIB-002002,AVAILABLE
2003,OL492842W,LIB-002003,AVAILABLE
2004,OL492842W,LIB-002004,AVAILABLE
2005,OL7924172W,LIB-002005,AVAILABLE
2006,OL7924172W,LIB-002006,AVAILABLE
2007,OL7924172W,LIB-002007,AVAILABLE
2008,OL16998917W,LIB-002008,AVAILABLE
2009,OL16998917W,LIB-002009,AVAILABLE
2010,OL16998917W,LIB-002010,AVAILABLE
2011,OL17864259W,LIB-002011,AVAILABLE
2012,OL17864259W,LIB-002012,AVAILABLE
2013,OL17864259W,LIB-002013,AVAILABLE
2014,OL19986251W,LIB-002014,AVAILABLE
2015,OL19986251W,LIB-002015,AVAILABLE
2016,OL19986251W,LIB-002016,AVAILABLE
2017,OL34902022W,LIB-002017,AVAILABLE
2018,OL34902022W,LIB-002018,AVAILABLE
2019,OL34902022W,LIB-002019,AVAILABLE
2020,OL24569567W,LIB-002020,AVAILABLE
2021,OL24569567W,LIB-002021,AVAILABLE
2022,OL24569567W,LIB-002022,AVAILABLE
2023,OL137163W,LIB-002023,AVAILABLE
2024,OL137163W,LIB-002024,AVAILABLE
2025,OL137163W,LIB-002025,AVAILABLE
2026,OL24315820W,LIB-002026,AVAILABLE
2027,OL24315820W,LIB-002027,AVAILABLE
2028,OL24315820W,LIB-002028,AVAILABLE
2029,OL17102197W,LIB-002029,AVAILABLE
2030,OL17102197W,LIB-002030,AVAILABLE
2031,OL17102197W,LIB-002031,AVAILABLE
2032,OL20895272W,LIB-002032,AVAILABLE
2033,OL20895272W,LIB-002033,AVAILABLE
2034,OL20895272W,LIB-002034,AVAILABLE
2035,OL6178616W,LIB-002035,AVAILABLE
2036,OL6178616W,LIB-002036,AVAILABLE
2037,OL6178616W,LIB-002037,AVAILABLE
2038,OL134323W,LIB-002038,AVAILABLE
2039,OL134323W,LIB-002039,AVAILABLE
2040,OL134323W,LIB-002040,AVAILABLE
2041,OL15627661W,LIB-002041,AVAILABLE
2042,OL15627661W,LIB-002042,AVAILABLE
2043,OL15627661W,LIB-002043,AVAILABLE
2044,OL60132W,LIB-002044,AVAILABLE
2045,OL60132W,LIB-002045,AVAILABLE
2046,OL60132W,LIB-002046,AVAILABLE
2047,OL17932982W,LIB-002047,AVAILABLE
2048,OL17932982W,LIB-002048,AVAILABLE
2049,OL17932982W,LIB-002049,AVAILABLE
2050,OL8357911W,LIB-002050,AVAILABLE
2051,OL8357911W,LIB-002051,AVAILABLE
2052,OL8357911W,LIB-002052,AVAILABLE
2053,OL88640W,LIB-002053,AVAILABLE
2054,OL88640W,LIB-002054,AVAILABLE
2055,OL88640W,LIB-002055,AVAILABLE
2056,OL28004825W,LIB-002056,AVAILABLE
2057,OL28004825W,LIB-002057,AVAILABLE
2058,OL28004825W,LIB-002058,AVAILABLE
2059,OL263809W,LIB-002059,AVAILABLE
2060,OL263809W,LIB-002060,AVAILABLE
2061,OL263809W,LIB-002061,AVAILABLE
2062,OL4788459W,LIB-002062,AVAILABLE
2063,OL4788459W,LIB-002063,AVAILABLE
2064,OL4788459W,LIB-002064,AVAILABLE
2065,OL471990W,LIB-002065,AVAILABLE
2066,OL471990W,LIB-002066,AVAILABLE
2067,OL471990W,LIB-002067,AVAILABLE
2068,OL15536635W,LIB-002068,AVAILABLE
2069,OL15536635W,LIB-002069,AVAILABLE
2070,OL15536635W,LIB-002070,AVAILABLE
2071,OL34306266W,LIB-002071,AVAILABLE
2072,OL34306266W,LIB-002072,AVAILABLE
2073,OL34306266W,LIB-002073,AVAILABLE
2074,OL1256334W,LIB-002074,AVAILABLE
2075,OL1256334W,LIB-002075,AVAILABLE
2076,OL1256334W,LIB-002076,AVAILABLE
2077,OL1088556W,LIB-002077,AVAILABLE
2078,OL1088556W,LIB-002078,AVAILABLE
2079,OL1088556W,LIB-002079,AVAILABLE
2080,OL17356842W,LIB-002080,AVAILABLE
2081,OL17356842W,LIB-002081,AVAILABLE
2082,OL17356842W,LIB-002082,AVAILABLE
2083,OL16726829W,LIB-002083,AVAILABLE
2084,OL16726829W,LIB-002084,AVAILABLE
2085,OL16726829W,LIB-002085,AVAILABLE
2086,OL4490252W,LIB-002086,AVAILABLE
2087,OL4490252W,LIB-002087,AVAILABLE
2088,OL4490252W,LIB-002088,AVAILABLE
2089,OL43031711W,LIB-002089,AVAILABLE
2090,OL43031711W,LIB-002090,AVAILABLE
2091,OL43031711W,LIB-002091,AVAILABLE
2092,OL102749W,LIB-002092,AVAILABLE
2093,OL102749W,LIB-002093,AVAILABLE
2094,OL102749W,LIB-002094,AVAILABLE
2095,OL1889473W,LIB-002095,AVAILABLE
2096,OL1889473W,LIB-002096,AVAILABLE
2097,OL1889473W,LIB-002097,AVAILABLE
2098,OL27297240W,LIB-002098,AVAILABLE
2099,OL27297240W,LIB-002099,AVAILABLE
2100,OL27297240W,LIB-002100,AVAILABLE
2101,OL46355W,LIB-002101,AVAILABLE
2102,OL46355W,LIB-002102,AVAILABLE
2103,OL46355W,LIB-002103,AVAILABLE
2104,OL1853601W,LIB-002104,AVAILABLE
2105,OL1853601W,LIB-002105,AVAILABLE
2106,OL1853601W,LIB-002106,AVAILABLE
2107,OL9897214W,LIB-002107,AVAILABLE
2108,OL9897214W,LIB-002108,AVAILABLE
2109,OL9897214W,LIB-002109,AVAILABLE
2110,OL1833989W,LIB-002110,AVAILABLE
2111,OL1833989W,LIB-002111,AVAILABLE
2112,OL1833989W,LIB-002112,AVAILABLE
2113,OL16586103W,LIB-002113,AVAILABLE
2114,OL16586103W,LIB-002114,AVAILABLE
2115,OL16586103W,LIB-002115,AVAILABLE
2116,OL15596858W,LIB-002116,AVAILABLE
2117,OL15596858W,LIB-002117,AVAILABLE
2118,OL15596858W,LIB-002118,AVAILABLE
2119,OL2629977W,LIB-002119,AVAILABLE
2120,OL2629977W,LIB-002120,AVAILABLE
2121,OL2629977W,LIB-002121,AVAILABLE
2122,OL37868050W,LIB-002122,AVAILABLE
2123,OL37868050W,LIB-002123,AVAILABLE
2124,OL37868050W,LIB-002124,AVAILABLE
2125,OL24520616W,LIB-002125,AVAILABLE
2126,OL24520616W,LIB-002126,AVAILABLE
2127,OL24520616W,LIB-002127,AVAILABLE
2128,OL8928012W,LIB-002128,AVAILABLE
2129,OL8928012W,LIB-002129,AVAILABLE
2130,OL8928012W,LIB-002130,AVAILABLE
2131,OL3906359W,LIB-002131,AVAILABLE
2132,OL3906359W,LIB-002132,AVAILABLE
2133,OL3906359W,LIB-002133,AVAILABLE
2134,OL3008951W,LIB-002134,AVAILABLE
2135,OL3008951W,LIB-002135,AVAILABLE
2136,OL3008951W,LIB-002136,AVAILABLE
2137,OL46390W,LIB-002137,AVAILABLE
2138,OL46390W,LIB-002138,AVAILABLE
2139,OL46390W,LIB-002139,AVAILABLE
2140,OL3392002W,LIB-002140,AVAILABLE
2141,OL3392002W,LIB-002141,AVAILABLE
2142,OL3392002W,LIB-002142,AVAILABLE
2143,OL54817W,LIB-002143,AVAILABLE
2144,OL54817W,LIB-002144,AVAILABLE
2145,OL54817W,LIB-002145,AVAILABLE
2146,OL20521052W,LIB-002146,AVAILABLE
2147,OL20521052W,LIB-002147,AVAILABLE
2148,OL20521052W,LIB-002148,AVAILABLE
2149,OL19096402W,LIB-002149,AVAILABLE
2150,OL19096402W,LIB-002150,AVAILABLE
2151,OL19096402W,LIB-002151,AVAILABLE
2152,OL16014245W,LIB-002152,AVAILABLE
2153,OL16014245W,LIB-002153,AVAILABLE
2154,OL16014245W,LIB-002154,AVAILABLE
2155,OL81592W,LIB-002155,AVAILABLE
2156,OL81592W,LIB-002156,AVAILABLE
2157,OL81592W,LIB-002157,AVAILABLE
2158,OL98467W,LIB-002158,AVAILABLE
2159,OL98467W,LIB-002159,AVAILABLE
2160,OL98467W,LIB-002160,AVAILABLE
2161,OL80275W,LIB-002161,AVAILABLE
2162,OL80275W,LIB-002162,AVAILABLE
2163,OL80275W,LIB-002163,AVAILABLE
2164,OL18020194W,LIB-002164,AVAILABLE
2165,OL18020194W,LIB-002165,AVAILABLE
2166,OL18020194W,LIB-002166,AVAILABLE
2167,OL18163270W,LIB-002167,AVAILABLE
2168,OL18163270W,LIB-002168,AVAILABLE
2169,OL18163270W,LIB-002169,AVAILABLE
2170,OL2051119W,LIB-002170,AVAILABLE
2171,OL2051119W,LIB-002171,AVAILABLE
2172,OL2051119W,LIB-002172,AVAILABLE
2173,OL492871W,LIB-002173,AVAILABLE
2174,OL492871W,LIB-002174,AVAILABLE
2175,OL492871W,LIB-002175,AVAILABLE
2176,OL20030955W,LIB-002176,AVAILABLE
2177,OL20030955W,LIB-002177,AVAILABLE
2178,OL20030955W,LIB-002178,AVAILABLE
2179,OL25237278W,LIB-002179,AVAILABLE
2180,OL25237278W,LIB-002180,AVAILABLE
2181,OL25237278W,LIB-002181,AVAILABLE
2182,OL538484W,LIB-002182,AVAILABLE
2183,OL538484W,LIB-002183,AVAILABLE
2184,OL538484W,LIB-002184,AVAILABLE
2185,OL1417723W,LIB-002185,AVAILABLE
2186,OL1417723W,LIB-002186,AVAILABLE
2187,OL1417723W,LIB-002187,AVAILABLE
2188,OL24233014W,LIB-002188,AVAILABLE
2189,OL24233014W,LIB-002189,AVAILABLE
2190,OL24233014W,LIB-002190,AVAILABLE
2191,OL1793164W,LIB-002191,AVAILABLE
2192,OL1793164W,LIB-002192,AVAILABLE
2193,OL1793164W,LIB-002193,AVAILABLE
2194,OL2669571W,LIB-002194,AVAILABLE
2195,OL2669571W,LIB-002195,AVAILABLE
2196,OL2669571W,LIB-002196,AVAILABLE
2197,OL20149336W,LIB-002197,AVAILABLE
2198,OL20149336W,LIB-002198,AVAILABLE
2199,OL20149336W,LIB-002199,AVAILABLE
2200,OL476630W,LIB-002200,AVAILABLE
2201,OL476630W,LIB-002201,AVAILABLE
2202,OL476630W,LIB-002202,AVAILABLE
2203,OL28110702W,LIB-002203,AVAILABLE
2204,OL28110702W,LIB-002204,AVAILABLE
2205,OL28110702W,LIB-002205,AVAILABLE
2206,OL37499897W,LIB-002206,AVAILABLE
2207,OL37499897W,LIB-002207,AVAILABLE
2208,OL37499897W,LIB-002208,AVAILABLE
2209,OL76836W,LIB-002209,AVAILABLE
2210,OL76836W,LIB-002210,AVAILABLE
2211,OL76836W,LIB-002211,AVAILABLE
2212,OL912133W,LIB-002212,AVAILABLE
2213,OL912133W,LIB-002213,AVAILABLE
2214,OL912133W,LIB-002214,AVAILABLE
2215,OL25915362W,LIB-002215,AVAILABLE
2216,OL25915362W,LIB-002216,AVAILABLE
2217,OL25915362W,LIB-002217,AVAILABLE
2218,OL4091759W,LIB-002218,AVAILABLE
2219,OL4091759W,LIB-002219,AVAILABLE
2220,OL4091759W,LIB-002220,AVAILABLE
2221,OL14909639W,LIB-002221,AVAILABLE
2222,OL14909639W,LIB-002222,AVAILABLE
2223,OL14909639W,LIB-002223,AVAILABLE
2224,OL10420683W,LIB-002224,AVAILABLE
2225,OL10420683W,LIB-002225,AVAILABLE
2226,OL10420683W,LIB-002226,AVAILABLE
2227,OL263251W,LIB-002227,AVAILABLE
2228,OL263251W,LIB-002228,AVAILABLE
2229,OL263251W,LIB-002229,AVAILABLE
2230,OL15449786W,LIB-002230,AVAILABLE
2231,OL15449786W,LIB-002231,AVAILABLE
2232,OL15449786W,LIB-002232,AVAILABLE
2233,OL2636148W,LIB-002233,AVAILABLE
2234,OL2636148W,LIB-002234,AVAILABLE
2235,OL2636148W,LIB-002235,AVAILABLE
2236,OL27822305W,LIB-002236,AVAILABLE
2237,OL27822305W,LIB-002237,AVAILABLE
2238,OL27822305W,LIB-002238,AVAILABLE
2239,OL6216050W,LIB-002239,AVAILABLE
2240,OL6216050W,LIB-002240,AVAILABLE
2241,OL6216050W,LIB-002241,AVAILABLE
2242,OL19747351W,LIB-002242,AVAILABLE
2243,OL19747351W,LIB-002243,AVAILABLE
2244,OL19747351W,LIB-002244,AVAILABLE
2245,OL1198483W,LIB-002245,AVAILABLE
2246,OL1198483W,LIB-002246,AVAILABLE
2247,OL1198483W,LIB-002247,AVAILABLE
2248,OL19730499W,LIB-002248,AVAILABLE
2249,OL19730499W,LIB-002249,AVAILABLE
2250,OL19730499W,LIB-002250,AVAILABLE
2251,OL4771255W,LIB-002251,AVAILABLE
2252,OL4771255W,LIB-002252,AVAILABLE
2253,OL4771255W,LIB-002253,AVAILABLE
2254,OL6044966W,LIB-002254,AVAILABLE
2255,OL6044966W,LIB-002255,AVAILABLE
2256,OL6044966W,LIB-002256,AVAILABLE
2257,OL15252705W,LIB-002257,AVAILABLE
2258,OL15252705W,LIB-002258,AVAILABLE
2259,OL15252705W,LIB-002259,AVAILABLE
2260,OL8259342W,LIB-002260,AVAILABLE
2261,OL8259342W,LIB-002261,AVAILABLE
2262,OL8259342W,LIB-002262,AVAILABLE
2263,OL1989539W,LIB-002263,AVAILABLE
2264,OL1989539W,LIB-002264,AVAILABLE
2265,OL1989539W,LIB-002265,AVAILABLE
2266,OL2682046W,LIB-002266,AVAILABLE
2267,OL2682046W,LIB-002267,AVAILABLE
2268,OL2682046W,LIB-002268,AVAILABLE
2269,OL14174W,LIB-002269,AVAILABLE
2270,OL14174W,LIB-002270,AVAILABLE
2271,OL14174W,LIB-002271,AVAILABLE
2272,OL17842208W,LIB-002272,AVAILABLE
2273,OL17842208W,LIB-002273,AVAILABLE
2274,OL17842208W,LIB-002274,AVAILABLE
2275,OL492837W,LIB-002275,AVAILABLE
2276,OL492837W,LIB-002276,AVAILABLE
2277,OL492837W,LIB-002277,AVAILABLE
2278,OL1445824W,LIB-002278,AVAILABLE
2279,OL1445824W,LIB-002279,AVAILABLE
2280,OL1445824W,LIB-002280,AVAILABLE
2281,OL81612W,LIB-002281,AVAILABLE
2282,OL81612W,LIB-002282,AVAILABLE
2283,OL81612W,LIB-002283,AVAILABLE
2284,OL3185760W,LIB-002284,AVAILABLE
2285,OL3185760W,LIB-002285,AVAILABLE
2286,OL3185760W,LIB-002286,AVAILABLE
2287,OL20034586W,LIB-002287,AVAILABLE
2288,OL20034586W,LIB-002288,AVAILABLE
2289,OL20034586W,LIB-002289,AVAILABLE
2290,OL8128557W,LIB-002290,AVAILABLE
2291,OL8128557W,LIB-002291,AVAILABLE
2292,OL8128557W,LIB-002292,AVAILABLE
2293,OL5850729W,LIB-002293,AVAILABLE
2294,OL5850729W,LIB-002294,AVAILABLE
2295,OL5850729W,LIB-002295,AVAILABLE
2296,OL4772459W,LIB-002296,AVAILABLE
2297,OL4772459W,LIB-002297,AVAILABLE
2298,OL4772459W,LIB-002298,AVAILABLE
2299,OL28181491W,LIB-002299,AVAILABLE
2300,OL28181491W,LIB-002300,AVAILABLE
2301,OL28181491W,LIB-002301,AVAILABLE
2302,OL16815225W,LIB-002302,AVAILABLE
2303,OL16815225W,LIB-002303,AVAILABLE
2304,OL16815225W,LIB-002304,AVAILABLE
2305,OL20407580W,LIB-002305,AVAILABLE
2306,OL20407580W,LIB-002306,AVAILABLE
2307,OL20407580W,LIB-002307,AVAILABLE
2308,OL27955361W,LIB-002308,AVAILABLE
2309,OL27955361W,LIB-002309,AVAILABLE
2310,OL27955361W,LIB-002310,AVAILABLE
2311,OL679308W,LIB-002311,AVAILABLE
2312,OL679308W,LIB-002312,AVAILABLE
2313,OL679308W,LIB-002313,AVAILABLE
2314,OL54809W,LIB-002314,AVAILABLE
2315,OL54809W,LIB-002315,AVAILABLE
2316,OL54809W,LIB-002316,AVAILABLE
2317,OL27688240W,LIB-002317,AVAILABLE
2318,OL27688240W,LIB-002318,AVAILABLE
2319,OL27688240W,LIB-002319,AVAILABLE
2320,OL331347W,LIB-002320,AVAILABLE
2321,OL331347W,LIB-002321,AVAILABLE
2322,OL331347W,LIB-002322,AVAILABLE
2323,OL16931728W,LIB-002323,AVAILABLE
2324,OL16931728W,LIB-002324,AVAILABLE
2325,OL16931728W,LIB-002325,AVAILABLE
2326,OL24669977W,LIB-002326,AVAILABLE
2327,OL24669977W,LIB-002327,AVAILABLE
2328,OL24669977W,LIB-002328,AVAILABLE
2329,OL4132752W,LIB-002329,AVAILABLE
2330,OL4132752W,LIB-002330,AVAILABLE
2331,OL4132752W,LIB-002331,AVAILABLE
2332,OL15400582W,LIB-002332,AVAILABLE
2333,OL15400582W,LIB-002333,AVAILABLE
2334,OL15400582W,LIB-002334,AVAILABLE
2335,OL19080231W,LIB-002335,AVAILABLE
2336,OL19080231W,LIB-002336,AVAILABLE
2337,OL19080231W,LIB-002337,AVAILABLE
2338,OL20183759W,LIB-002338,AVAILABLE
2339,OL20183759W,LIB-002339,AVAILABLE
2340,OL20183759W,LIB-002340,AVAILABLE
2341,OL2355834W,LIB-002341,AVAILABLE
2342,OL2355834W,LIB-002342,AVAILABLE
2343,OL2355834W,LIB-002343,AVAILABLE
2344,OL491786W,LIB-002344,AVAILABLE
2345,OL491786W,LIB-002345,AVAILABLE
2346,OL491786W,LIB-002346,AVAILABLE
2347,OL1161577W,LIB-002347,AVAILABLE
2348,OL1161577W,LIB-002348,AVAILABLE
2349,OL1161577W,LIB-002349,AVAILABLE
2350,OL17917961W,LIB-002350,AVAILABLE
2351,OL17917961W,LIB-002351,AVAILABLE
2352,OL17917961W,LIB-002352,AVAILABLE
2353,OL2689914W,LIB-002353,AVAILABLE
2354,OL2689914W,LIB-002354,AVAILABLE
2355,OL2689914W,LIB-002355,AVAILABLE
2356,OL20639823W,LIB-002356,AVAILABLE
2357,OL20639823W,LIB-002357,AVAILABLE
2358,OL20639823W,LIB-002358,AVAILABLE
2359,OL17332803W,LIB-002359,AVAILABLE
2360,OL17332803W,LIB-002360,AVAILABLE
2361,OL17332803W,LIB-002361,AVAILABLE
2362,OL496476W,LIB-002362,AVAILABLE
2363,OL496476W,LIB-002363,AVAILABLE
2364,OL496476W,LIB-002364,AVAILABLE
2365,OL26048714W,LIB-002365,AVAILABLE
2366,OL26048714W,LIB-002366,AVAILABLE
2367,OL26048714W,LIB-002367,AVAILABLE
2368,OL8368448W,LIB-002368,AVAILABLE
2369,OL8368448W,LIB-002369,AVAILABLE
2370,OL8368448W,LIB-002370,AVAILABLE
2371,OL5949739W,LIB-002371,AVAILABLE
2372,OL5949739W,LIB-002372,AVAILABLE
2373,OL5949739W,LIB-002373,AVAILABLE
2374,OL20646061W,LIB-002374,AVAILABLE
2375,OL20646061W,LIB-002375,AVAILABLE
2376,OL20646061W,LIB-002376,AVAILABLE
2377,OL19744680W,LIB-002377,AVAILABLE
2378,OL19744680W,LIB-002378,AVAILABLE
2379,OL19744680W,LIB-002379,AVAILABLE
2380,OL17929039W,LIB-002380,AVAILABLE
2381,OL17929039W,LIB-002381,AVAILABLE
2382,OL17929039W,LIB-002382,AVAILABLE
2383,OL20909103W,LIB-002383,AVAILABLE
2384,OL20909103W,LIB-002384,AVAILABLE
2385,OL20909103W,LIB-002385,AVAILABLE
2386,OL2939982W,LIB-002386,AVAILABLE
2387,OL2939982W,LIB-002387,AVAILABLE
2388,OL2939982W,LIB-002388,AVAILABLE
2389,OL27962987W,LIB-002389,AVAILABLE
2390,OL27962987W,LIB-002390,AVAILABLE
2391,OL27962987W,LIB-002391,AVAILABLE
2392,OL1802168W,LIB-002392,AVAILABLE
2393,OL1802168W,LIB-002393,AVAILABLE
2394,OL1802168W,LIB-002394,AVAILABLE
2395,OL9296543W,LIB-002395,AVAILABLE
2396,OL9296543W,LIB-002396,AVAILABLE
2397,OL9296543W,LIB-002397,AVAILABLE
2398,OL5275944W,LIB-002398,AVAILABLE
2399,OL5275944W,LIB-002399,AVAILABLE
2400,OL5275944W,LIB-002400,AVAILABLE
2401,OL4438584W,LIB-002401,AVAILABLE
2402,OL4438584W,LIB-002402,AVAILABLE
2403,OL4438584W,LIB-002403,AVAILABLE
2404,OL261586W,LIB-002404,AVAILABLE
2405,OL261586W,LIB-002405,AVAILABLE
2406,OL261586W,LIB-002406,AVAILABLE
2407,OL2644410W,LIB-002407,AVAILABLE
2408,OL2644410W,LIB-002408,AVAILABLE
2409,OL2644410W,LIB-002409,AVAILABLE
2410,OL14176W,LIB-002410,AVAILABLE
2411,OL14176W,LIB-002411,AVAILABLE
2412,OL14176W,LIB-002412,AVAILABLE
2413,OL26423951W,LIB-002413,AVAILABLE
2414,OL26423951W,LIB-002414,AVAILABLE
2415,OL26423951W,LIB-002415,AVAILABLE
2416,OL45809W,LIB-002416,AVAILABLE
2417,OL45809W,LIB-002417,AVAILABLE
2418,OL45809W,LIB-002418,AVAILABLE
2419,OL37568402W,LIB-002419,AVAILABLE
2420,OL37568402W,LIB-002420,AVAILABLE
2421,OL37568402W,LIB-002421,AVAILABLE
2422,OL2694687W,LIB-002422,AVAILABLE
2423,OL2694687W,LIB-002423,AVAILABLE
2424,OL2694687W,LIB-002424,AVAILABLE
2425,OL492848W,LIB-002425,AVAILABLE
2426,OL492848W,LIB-002426,AVAILABLE
2427,OL492848W,LIB-002427,AVAILABLE
2428,OL5858730W,LIB-002428,AVAILABLE
2429,OL5858730W,LIB-002429,AVAILABLE
2430,OL5858730W,LIB-002430,AVAILABLE
2431,OL3261150W,LIB-002431,AVAILABLE
2432,OL3261150W,LIB-002432,AVAILABLE
2433,OL3261150W,LIB-002433,AVAILABLE
2434,OL16318358W,LIB-002434,AVAILABLE
2435,OL16318358W,LIB-002435,AVAILABLE
2436,OL16318358W,LIB-002436,AVAILABLE
2437,OL20161633W,LIB-002437,AVAILABLE
2438,OL20161633W,LIB-002438,AVAILABLE
2439,OL20161633W,LIB-002439,AVAILABLE
2440,OL13754384W,LIB-002440,AVAILABLE
2441,OL13754384W,LIB-002441,AVAILABLE
2442,OL13754384W,LIB-002442,AVAILABLE
2443,OL1974815W,LIB-002443,AVAILABLE
2444,OL1974815W,LIB-002444,AVAILABLE
2445,OL1974815W,LIB-002445,AVAILABLE
2446,OL16451165W,LIB-002446,AVAILABLE
2447,OL16451165W,LIB-002447,AVAILABLE
2448,OL16451165W,LIB-002448,AVAILABLE
2449,OL23323306W,LIB-002449,AVAILABLE
2450,OL23323306W,LIB-002450,AVAILABLE
2451,OL23323306W,LIB-002451,AVAILABLE
2452,OL28818498W,LIB-002452,AVAILABLE
2453,OL28818498W,LIB-002453,AVAILABLE
2454,OL28818498W,LIB-002454,AVAILABLE
2455,OL2887010W,LIB-002455,AVAILABLE
2456,OL2887010W,LIB-002456,AVAILABLE
2457,OL2887010W,LIB-002457,AVAILABLE
2458,OL45828W,LIB-002458,AVAILABLE
2459,OL45828W,LIB-002459,AVAILABLE
2460,OL45828W,LIB-002460,AVAILABLE
2461,OL22313903W,LIB-002461,AVAILABLE
2462,OL22313903W,LIB-002462,AVAILABLE
2463,OL22313903W,LIB-002463,AVAILABLE
2464,OL8799637W,LIB-002464,AVAILABLE
2465,OL8799637W,LIB-002465,AVAILABLE
2466,OL8799637W,LIB-002466,AVAILABLE
2467,OL25996552W,LIB-002467,AVAILABLE
2468,OL25996552W,LIB-002468,AVAILABLE
2469,OL25996552W,LIB-002469,AVAILABLE
2470,OL52955W,LIB-002470,AVAILABLE
2471,OL52955W,LIB-002471,AVAILABLE
2472,OL52955W,LIB-002472,AVAILABLE
2473,OL4627520W,LIB-002473,AVAILABLE
2474,OL4627520W,LIB-002474,AVAILABLE
2475,OL4627520W,LIB-002475,AVAILABLE
2476,OL20760650W,LIB-002476,AVAILABLE
2477,OL20760650W,LIB-002477,AVAILABLE
2478,OL20760650W,LIB-002478,AVAILABLE
2479,OL20794766W,LIB-002479,AVAILABLE
2480,OL20794766W,LIB-002480,AVAILABLE
2481,OL20794766W,LIB-002481,AVAILABLE
2482,OL16626586W,LIB-002482,AVAILABLE
2483,OL16626586W,LIB-002483,AVAILABLE
2484,OL16626586W,LIB-002484,AVAILABLE
2485,OL2392391W,LIB-002485,AVAILABLE
2486,OL2392391W,LIB-002486,AVAILABLE
2487,OL2392391W,LIB-002487,AVAILABLE
2488,OL2958811W,LIB-002488,AVAILABLE
2489,OL2958811W,LIB-002489,AVAILABLE
2490,OL2958811W,LIB-002490,AVAILABLE
2491,OL7943059W,LIB-002491,AVAILABLE
2492,OL7943059W,LIB-002492,AVAILABLE
2493,OL7943059W,LIB-002493,AVAILABLE
2494,OL24268078W,LIB-002494,AVAILABLE
2495,OL24268078W,LIB-002495,AVAILABLE
2496,OL24268078W,LIB-002496,AVAILABLE
2497,OL1291470W,LIB-002497,AVAILABLE
2498,OL1291470W,LIB-002498,AVAILABLE
2499,OL1291470W,LIB-002499,AVAILABLE
2500,OL1167981W,LIB-002500,AVAILABLE
2501,OL1167981W,LIB-002501,AVAILABLE
2502,OL1167981W,LIB-002502,AVAILABLE
2503,OL8818176W,LIB-002503,AVAILABLE
2504,OL8818176W,LIB-002504,AVAILABLE
2505,OL8818176W,LIB-002505,AVAILABLE
2506,OL17184556W,LIB-002506,AVAILABLE
2507,OL17184556W,LIB-002507,AVAILABLE
2508,OL17184556W,LIB-002508,AVAILABLE
2509,OL16002468W,LIB-002509,AVAILABLE
2510,OL16002468W,LIB-002510,AVAILABLE
2511,OL16002468W,LIB-002511,AVAILABLE
2512,OL15835141W,LIB-002512,AVAILABLE
2513,OL15835141W,LIB-002513,AVAILABLE
2514,OL15835141W,LIB-002514,AVAILABLE
2515,OL4474403W,LIB-002515,AVAILABLE
2516,OL4474403W,LIB-002516,AVAILABLE
2517,OL4474403W,LIB-002517,AVAILABLE
2518,OL21692056W,LIB-002518,AVAILABLE
2519,OL21692056W,LIB-002519,AVAILABLE
2520,OL21692056W,LIB-002520,AVAILABLE
2521,OL5959695W,LIB-002521,AVAILABLE
2522,OL5959695W,LIB-002522,AVAILABLE
2523,OL5959695W,LIB-002523,AVAILABLE
2524,OL46108W,LIB-002524,AVAILABLE
2525,OL46108W,LIB-002525,AVAILABLE
2526,OL46108W,LIB-002526,AVAILABLE
2527,OL274515W,LIB-002527,AVAILABLE
2528,OL274515W,LIB-002528,AVAILABLE
2529,OL274515W,LIB-002529,AVAILABLE
2530,OL16480411W,LIB-002530,AVAILABLE
2531,OL16480411W,LIB-002531,AVAILABLE
2532,OL16480411W,LIB-002532,AVAILABLE
2533,OL81594W,LIB-002533,AVAILABLE
2534,OL81594W,LIB-002534,AVAILABLE
2535,OL81594W,LIB-002535,AVAILABLE
2536,OL25669269W,LIB-002536,AVAILABLE
2537,OL25669269W,LIB-002537,AVAILABLE
2538,OL25669269W,LIB-002538,AVAILABLE
2539,OL38477W,LIB-002539,AVAILABLE
2540,OL38477W,LIB-002540,AVAILABLE
2541,OL38477W,LIB-002541,AVAILABLE
2542,OL3158775W,LIB-002542,AVAILABLE
2543,OL3158775W,LIB-002543,AVAILABLE
2544,OL3158775W,LIB-002544,AVAILABLE
2545,OL2859669W,LIB-002545,AVAILABLE
2546,OL2859669W,LIB-002546,AVAILABLE
2547,OL2859669W,LIB-002547,AVAILABLE
2548,OL21629205W,LIB-002548,AVAILABLE
2549,OL21629205W,LIB-002549,AVAILABLE
2550,OL21629205W,LIB-002550,AVAILABLE
2551,OL653987W,LIB-002551,AVAILABLE
2552,OL653987W,LIB-002552,AVAILABLE
2553,OL653987W,LIB-002553,AVAILABLE
2554,OL516683W,LIB-002554,AVAILABLE
2555,OL516683W,LIB-002555,AVAILABLE
2556,OL516683W,LIB-002556,AVAILABLE
2557,OL71716W,LIB-002557,AVAILABLE
2558,OL71716W,LIB-002558,AVAILABLE
2559,OL71716W,LIB-002559,AVAILABLE
2560,OL20893778W,LIB-002560,AVAILABLE
2561,OL20893778W,LIB-002561,AVAILABLE
2562,OL20893778W,LIB-002562,AVAILABLE
2563,OL7984948W,LIB-002563,AVAILABLE
2564,OL7984948W,LIB-002564,AVAILABLE
2565,OL7984948W,LIB-002565,AVAILABLE
2566,OL4981188W,LIB-002566,AVAILABLE
2567,OL4981188W,LIB-002567,AVAILABLE
2568,OL4981188W,LIB-002568,AVAILABLE
2569,OL32195W,LIB-002569,AVAILABLE
2570,OL32195W,LIB-002570,AVAILABLE
2571,OL32195W,LIB-002571,AVAILABLE
2572,OL15829843W,LIB-002572,AVAILABLE
2573,OL15829843W,LIB-002573,AVAILABLE
2574,OL15829843W,LIB-002574,AVAILABLE
2575,OL44077582W,LIB-002575,AVAILABLE
2576,OL44077582W,LIB-002576,AVAILABLE
2577,OL44077582W,LIB-002577,AVAILABLE
2578,OL8338169W,LIB-002578,AVAILABLE
2579,OL8338169W,LIB-002579,AVAILABLE
2580,OL8338169W,LIB-002580,AVAILABLE
2581,OL44549494W,LIB-002581,AVAILABLE
2582,OL44549494W,LIB-002582,AVAILABLE
2583,OL44549494W,LIB-002583,AVAILABLE
2584,OL15378406W,LIB-002584,AVAILABLE
2585,OL15378406W,LIB-002585,AVAILABLE
2586,OL15378406W,LIB-002586,AVAILABLE
2587,OL103198W,LIB-002587,AVAILABLE
2588,OL103198W,LIB-002588,AVAILABLE
2589,OL103198W,LIB-002589,AVAILABLE
2590,OL97725W,LIB-002590,AVAILABLE
2591,OL97725W,LIB-002591,AVAILABLE
2592,OL97725W,LIB-002592,AVAILABLE
2593,OL527458W,LIB-002593,AVAILABLE
2594,OL527458W,LIB-002594,AVAILABLE
2595,OL527458W,LIB-002595,AVAILABLE
2596,OL25291486W,LIB-002596,AVAILABLE
2597,OL25291486W,LIB-002597,AVAILABLE
2598,OL25291486W,LIB-002598,AVAILABLE
2599,OL2660328W,LIB-002599,AVAILABLE
2600,OL2660328W,LIB-002600,AVAILABLE
2601,OL2660328W,LIB-002601,AVAILABLE
2602,OL86343W,LIB-002602,AVAILABLE
2603,OL86343W,LIB-002603,AVAILABLE
2604,OL86343W,LIB-002604,AVAILABLE
2605,OL15044689W,LIB-002605,AVAILABLE
2606,OL15044689W,LIB-002606,AVAILABLE
2607,OL15044689W,LIB-002607,AVAILABLE
2608,OL5969056W,LIB-002608,AVAILABLE
2609,OL5969056W,LIB-002609,AVAILABLE
2610,OL5969056W,LIB-002610,AVAILABLE
2611,OL15692545W,LIB-002611,AVAILABLE
2612,OL15692545W,LIB-002612,AVAILABLE
2613,OL15692545W,LIB-002613,AVAILABLE
2614,OL873092W,LIB-002614,AVAILABLE
2615,OL873092W,LIB-002615,AVAILABLE
2616,OL873092W,LIB-002616,AVAILABLE
2617,OL1926026W,LIB-002617,AVAILABLE
2618,OL1926026W,LIB-002618,AVAILABLE
2619,OL1926026W,LIB-002619,AVAILABLE
2620,OL679359W,LIB-002620,AVAILABLE
2621,OL679359W,LIB-002621,AVAILABLE
2622,OL679359W,LIB-002622,AVAILABLE
2623,OL3775469W,LIB-002623,AVAILABLE
2624,OL3775469W,LIB-002624,AVAILABLE
2625,OL3775469W,LIB-002625,AVAILABLE
2626,OL20197660W,LIB-002626,AVAILABLE
2627,OL20197660W,LIB-002627,AVAILABLE
2628,OL20197660W,LIB-002628,AVAILABLE
2629,OL4303288W,LIB-002629,AVAILABLE
2630,OL4303288W,LIB-002630,AVAILABLE
2631,OL4303288W,LIB-002631,AVAILABLE
2632,OL3458030W,LIB-002632,AVAILABLE
2633,OL3458030W,LIB-002633,AVAILABLE
2634,OL3458030W,LIB-002634,AVAILABLE
2635,OL2960016W,LIB-002635,AVAILABLE
2636,OL2960016W,LIB-002636,AVAILABLE
2637,OL2960016W,LIB-002637,AVAILABLE
2638,OL11912264W,LIB-002638,AVAILABLE
2639,OL11912264W,LIB-002639,AVAILABLE
2640,OL11912264W,LIB-002640,AVAILABLE
2641,OL1155987W,LIB-002641,AVAILABLE
2642,OL1155987W,LIB-002642,AVAILABLE
2643,OL1155987W,LIB-002643,AVAILABLE
2644,OL15136995W,LIB-002644,AVAILABLE
2645,OL15136995W,LIB-002645,AVAILABLE
2646,OL15136995W,LIB-002646,AVAILABLE
2647,OL22600114W,LIB-002647,AVAILABLE
2648,OL22600114W,LIB-002648,AVAILABLE
2649,OL22600114W,LIB-002649,AVAILABLE
2650,OL1826076W,LIB-002650,AVAILABLE
2651,OL1826076W,LIB-002651,AVAILABLE
2652,OL1826076W,LIB-002652,AVAILABLE
2653,OL362702W,LIB-002653,AVAILABLE
2654,OL362702W,LIB-002654,AVAILABLE
2655,OL362702W,LIB-002655,AVAILABLE
2656,OL37513931W,LIB-002656,AVAILABLE
2657,OL37513931W,LIB-002657,AVAILABLE
2658,OL37513931W,LIB-002658,AVAILABLE
2659,OL24314065W,LIB-002659,AVAILABLE
2660,OL24314065W,LIB-002660,AVAILABLE
2661,OL24314065W,LIB-002661,AVAILABLE
2662,OL23535656W,LIB-002662,AVAILABLE
2663,OL23535656W,LIB-002663,AVAILABLE
2664,OL23535656W,LIB-002664,AVAILABLE
2665,OL3378547W,LIB-002665,AVAILABLE
2666,OL3378547W,LIB-002666,AVAILABLE
2667,OL3378547W,LIB-002667,AVAILABLE
2668,OL15090889W,LIB-002668,AVAILABLE
2669,OL15090889W,LIB-002669,AVAILABLE
2670,OL15090889W,LIB-002670,AVAILABLE
2671,OL15027819W,LIB-002671,AVAILABLE
2672,OL15027819W,LIB-002672,AVAILABLE
2673,OL15027819W,LIB-002673,AVAILABLE
2674,OL3261154W,LIB-002674,AVAILABLE
2675,OL3261154W,LIB-002675,AVAILABLE
2676,OL3261154W,LIB-002676,AVAILABLE
2677,OL1866671W,LIB-002677,AVAILABLE
2678,OL1866671W,LIB-002678,AVAILABLE
2679,OL1866671W,LIB-002679,AVAILABLE
2680,OL99529W,LIB-002680,AVAILABLE
2681,OL99529W,LIB-002681,AVAILABLE
2682,OL99529W,LIB-002682,AVAILABLE
2683,OL7924199W,LIB-002683,AVAILABLE
2684,OL7924199W,LIB-002684,AVAILABLE
2685,OL7924199W,LIB-002685,AVAILABLE
2686,OL16028960W,LIB-002686,AVAILABLE
2687,OL16028960W,LIB-002687,AVAILABLE
2688,OL16028960W,LIB-002688,AVAILABLE
2689,OL14992013W,LIB-002689,AVAILABLE
2690,OL14992013W,LIB-002690,AVAILABLE
2691,OL14992013W,LIB-002691,AVAILABLE
2692,OL2943602W,LIB-002692,AVAILABLE
2693,OL2943602W,LIB-002693,AVAILABLE
2694,OL2943602W,LIB-002694,AVAILABLE
2695,OL14915376W,LIB-002695,AVAILABLE
2696,OL14915376W,LIB-002696,AVAILABLE
2697,OL14915376W,LIB-002697,AVAILABLE
2698,OL2746372W,LIB-002698,AVAILABLE
2699,OL2746372W,LIB-002699,AVAILABLE
2700,OL2746372W,LIB-002700,AVAILABLE
2701,OL81623W,LIB-002701,AVAILABLE
2702,OL81623W,LIB-002702,AVAILABLE
2703,OL81623W,LIB-002703,AVAILABLE
2704,OL17451852W,LIB-002704,AVAILABLE
2705,OL17451852W,LIB-002705,AVAILABLE
2706,OL17451852W,LIB-002706,AVAILABLE
2707,OL5738844W,LIB-002707,AVAILABLE
2708,OL5738844W,LIB-002708,AVAILABLE
2709,OL5738844W,LIB-002709,AVAILABLE
2710,OL19980166W,LIB-002710,AVAILABLE
2711,OL19980166W,LIB-002711,AVAILABLE
2712,OL19980166W,LIB-002712,AVAILABLE
2713,OL5354628W,LIB-002713,AVAILABLE
2714,OL5354628W,LIB-002714,AVAILABLE
2715,OL5354628W,LIB-002715,AVAILABLE
2716,OL21117173W,LIB-002716,AVAILABLE
2717,OL21117173W,LIB-002717,AVAILABLE
2718,OL21117173W,LIB-002718,AVAILABLE
2719,OL17365W,LIB-002719,AVAILABLE
2720,OL17365W,LIB-002720,AVAILABLE
2721,OL17365W,LIB-002721,AVAILABLE
2722,OL471940W,LIB-002722,AVAILABLE
2723,OL471940W,LIB-002723,AVAILABLE
2724,OL471940W,LIB-002724,AVAILABLE
2725,OL1923964W,LIB-002725,AVAILABLE
2726,OL1923964W,LIB-002726,AVAILABLE
2727,OL1923964W,LIB-002727,AVAILABLE
2728,OL13015026W,LIB-002728,AVAILABLE
2729,OL13015026W,LIB-002729,AVAILABLE
2730,OL13015026W,LIB-002730,AVAILABLE
2731,OL18146664W,LIB-002731,AVAILABLE
2732,OL18146664W,LIB-002732,AVAILABLE
2733,OL18146664W,LIB-002733,AVAILABLE
2734,OL11089286W,LIB-002734,AVAILABLE
2735,OL11089286W,LIB-002735,AVAILABLE
2736,OL11089286W,LIB-002736,AVAILABLE
2737,OL2482862W,LIB-002737,AVAILABLE
2738,OL2482862W,LIB-002738,AVAILABLE
2739,OL2482862W,LIB-002739,AVAILABLE
2740,OL3261141W,LIB-002740,AVAILABLE
2741,OL3261141W,LIB-002741,AVAILABLE
2742,OL3261141W,LIB-002742,AVAILABLE
2743,OL20709871W,LIB-002743,AVAILABLE
2744,OL20709871W,LIB-002744,AVAILABLE
2745,OL20709871W,LIB-002745,AVAILABLE
2746,OL1983086W,LIB-002746,AVAILABLE
2747,OL1983086W,LIB-002747,AVAILABLE
2748,OL1983086W,LIB-002748,AVAILABLE
2749,OL16184887W,LIB-002749,AVAILABLE
2750,OL16184887W,LIB-002750,AVAILABLE
2751,OL16184887W,LIB-002751,AVAILABLE
2752,OL20764592W,LIB-002752,AVAILABLE
2753,OL20764592W,LIB-002753,AVAILABLE
2754,OL20764592W,LIB-002754,AVAILABLE
2755,OL5233135W,LIB-002755,AVAILABLE
2756,OL5233135W,LIB-002756,AVAILABLE
2757,OL5233135W,LIB-002757,AVAILABLE
2758,OL4427998W,LIB-002758,AVAILABLE
2759,OL4427998W,LIB-002759,AVAILABLE
2760,OL4427998W,LIB-002760,AVAILABLE
2761,OL1220117W,LIB-002761,AVAILABLE
2762,OL1220117W,LIB-002762,AVAILABLE
2763,OL1220117W,LIB-002763,AVAILABLE
2764,OL1725868W,LIB-002764,AVAILABLE
2765,OL1725868W,LIB-002765,AVAILABLE
2766,OL1725868W,LIB-002766,AVAILABLE
2767,OL19751132W,LIB-002767,AVAILABLE
2768,OL19751132W,LIB-002768,AVAILABLE
2769,OL19751132W,LIB-002769,AVAILABLE
2770,OL8043761W,LIB-002770,AVAILABLE
2771,OL8043761W,LIB-002771,AVAILABLE
2772,OL8043761W,LIB-002772,AVAILABLE
2773,OL20716197W,LIB-002773,AVAILABLE
2774,OL20716197W,LIB-002774,AVAILABLE
2775,OL20716197W,LIB-002775,AVAILABLE
2776,OL742483W,LIB-002776,AVAILABLE
2777,OL742483W,LIB-002777,AVAILABLE
2778,OL742483W,LIB-002778,AVAILABLE
2779,OL50443W,LIB-002779,AVAILABLE
2780,OL50443W,LIB-002780,AVAILABLE
2781,OL50443W,LIB-002781,AVAILABLE
2782,OL14909099W,LIB-002782,AVAILABLE
2783,OL14909099W,LIB-002783,AVAILABLE
2784,OL14909099W,LIB-002784,AVAILABLE
2785,OL407498W,LIB-002785,AVAILABLE
2786,OL407498W,LIB-002786,AVAILABLE
2787,OL407498W,LIB-002787,AVAILABLE
2788,OL20639427W,LIB-002788,AVAILABLE
2789,OL20639427W,LIB-002789,AVAILABLE
2790,OL20639427W,LIB-002790,AVAILABLE
2791,OL893508W,LIB-002791,AVAILABLE
2792,OL893508W,LIB-002792,AVAILABLE
2793,OL893508W,LIB-002793,AVAILABLE
2794,OL18966726W,LIB-002794,AVAILABLE
2795,OL18966726W,LIB-002795,AVAILABLE
2796,OL18966726W,LIB-002796,AVAILABLE
2797,OL25742643W,LIB-002797,AVAILABLE
2798,OL25742643W,LIB-002798,AVAILABLE
2799,OL25742643W,LIB-002799,AVAILABLE
2800,OL52982W,LIB-002800,AVAILABLE
2801,OL52982W,LIB-002801,AVAILABLE
2802,OL52982W,LIB-002802,AVAILABLE
2803,OL77775W,LIB-002803,AVAILABLE
2804,OL77775W,LIB-002804,AVAILABLE
2805,OL77775W,LIB-002805,AVAILABLE
2806,OL4793280W,LIB-002806,AVAILABLE
2807,OL4793280W,LIB-002807,AVAILABLE
2808,OL4793280W,LIB-002808,AVAILABLE
2809,OL17797130W,LIB-002809,AVAILABLE
2810,OL17797130W,LIB-002810,AVAILABLE
2811,OL17797130W,LIB-002811,AVAILABLE
2812,OL5735356W,LIB-002812,AVAILABLE
2813,OL5735356W,LIB-002813,AVAILABLE
2814,OL5735356W,LIB-002814,AVAILABLE
2815,OL2859675W,LIB-002815,AVAILABLE
2816,OL2859675W,LIB-002816,AVAILABLE
2817,OL2859675W,LIB-002817,AVAILABLE
2818,OL3775474W,LIB-002818,AVAILABLE
2819,OL3775474W,LIB-002819,AVAILABLE
2820,OL3775474W,LIB-002820,AVAILABLE
2821,OL16603736W,LIB-002821,AVAILABLE
2822,OL16603736W,LIB-002822,AVAILABLE
2823,OL16603736W,LIB-002823,AVAILABLE
2824,OL18170596W,LIB-002824,AVAILABLE
2825,OL18170596W,LIB-002825,AVAILABLE
2826,OL18170596W,LIB-002826,AVAILABLE
2827,OL24749560W,LIB-002827,AVAILABLE
2828,OL24749560W,LIB-002828,AVAILABLE
2829,OL24749560W,LIB-002829,AVAILABLE
2830,OL8088581W,LIB-002830,AVAILABLE
2831,OL8088581W,LIB-002831,AVAILABLE
2832,OL8088581W,LIB-002832,AVAILABLE
2833,OL2859682W,LIB-002833,AVAILABLE
2834,OL2859682W,LIB-002834,AVAILABLE
2835,OL2859682W,LIB-002835,AVAILABLE
2836,OL2641392W,LIB-002836,AVAILABLE
2837,OL2641392W,LIB-002837,AVAILABLE
2838,OL2641392W,LIB-002838,AVAILABLE
2839,OL1963251W,LIB-002839,AVAILABLE
2840,OL1963251W,LIB-002840,AVAILABLE
2841,OL1963251W,LIB-002841,AVAILABLE
2842,OL16509148W,LIB-002842,AVAILABLE
2843,OL16509148W,LIB-002843,AVAILABLE
2844,OL16509148W,LIB-002844,AVAILABLE
2845,OL15532426W,LIB-002845,AVAILABLE
2846,OL15532426W,LIB-002846,AVAILABLE
2847,OL15532426W,LIB-002847,AVAILABLE
2848,OL20048204W,LIB-002848,AVAILABLE
2849,OL20048204W,LIB-002849,AVAILABLE
2850,OL20048204W,LIB-002850,AVAILABLE
2851,OL37576476W,LIB-002851,AVAILABLE
2852,OL37576476W,LIB-002852,AVAILABLE
2853,OL37576476W,LIB-002853,AVAILABLE
2854,OL1261147W,LIB-002854,AVAILABLE
2855,OL1261147W,LIB-002855,AVAILABLE
2856,OL1261147W,LIB-002856,AVAILABLE
2857,OL16061864W,LIB-002857,AVAILABLE
2858,OL16061864W,LIB-002858,AVAILABLE
2859,OL16061864W,LIB-002859,AVAILABLE
2860,OL46401W,LIB-002860,AVAILABLE
2861,OL46401W,LIB-002861,AVAILABLE
2862,OL46401W,LIB-002862,AVAILABLE
2863,OL2665974W,LIB-002863,AVAILABLE
2864,OL2665974W,LIB-002864,AVAILABLE
2865,OL2665974W,LIB-002865,AVAILABLE
2866,OL1978166W,LIB-002866,AVAILABLE
2867,OL1978166W,LIB-002867,AVAILABLE
2868,OL1978166W,LIB-002868,AVAILABLE
2869,OL11327987W,LIB-002869,AVAILABLE
2870,OL11327987W,LIB-002870,AVAILABLE
2871,OL11327987W,LIB-002871,AVAILABLE
2872,OL26480426W,LIB-002872,AVAILABLE
2873,OL26480426W,LIB-002873,AVAILABLE
2874,OL26480426W,LIB-002874,AVAILABLE
2875,OL679358W,LIB-002875,AVAILABLE
2876,OL679358W,LIB-002876,AVAILABLE
2877,OL679358W,LIB-002877,AVAILABLE
2878,OL42975424W,LIB-002878,AVAILABLE
2879,OL42975424W,LIB-002879,AVAILABLE
2880,OL42975424W,LIB-002880,AVAILABLE
2881,OL1328635W,LIB-002881,AVAILABLE
2882,OL1328635W,LIB-002882,AVAILABLE
2883,OL1328635W,LIB-002883,AVAILABLE
2884,OL19998857W,LIB-002884,AVAILABLE
2885,OL19998857W,LIB-002885,AVAILABLE
2886,OL19998857W,LIB-002886,AVAILABLE
2887,OL17026055W,LIB-002887,AVAILABLE
2888,OL17026055W,LIB-002888,AVAILABLE
2889,OL17026055W,LIB-002889,AVAILABLE
2890,OL17823750W,LIB-002890,AVAILABLE
2891,OL17823750W,LIB-002891,AVAILABLE
2892,OL17823750W,LIB-002892,AVAILABLE
2893,OL273692W,LIB-002893,AVAILABLE
2894,OL273692W,LIB-002894,AVAILABLE
2895,OL273692W,LIB-002895,AVAILABLE
2896,OL893414W,LIB-002896,AVAILABLE
2897,OL893414W,LIB-002897,AVAILABLE
2898,OL893414W,LIB-002898,AVAILABLE
2899,OL5900568W,LIB-002899,AVAILABLE
2900,OL5900568W,LIB-002900,AVAILABLE
2901,OL5900568W,LIB-002901,AVAILABLE
2902,OL17349394W,LIB-002902,AVAILABLE
2903,OL17349394W,LIB-002903,AVAILABLE
2904,OL17349394W,LIB-002904,AVAILABLE
2905,OL16002093W,LIB-002905,AVAILABLE
2906,OL16002093W,LIB-002906,AVAILABLE
2907,OL16002093W,LIB-002907,AVAILABLE
2908,OL103123W,LIB-002908,AVAILABLE
2909,OL103123W,LIB-002909,AVAILABLE
2910,OL103123W,LIB-002910,AVAILABLE
2911,OL27275831W,LIB-002911,AVAILABLE
2912,OL27275831W,LIB-002912,AVAILABLE
2913,OL27275831W,LIB-002913,AVAILABLE
2914,OL81588W,LIB-002914,AVAILABLE
2915,OL81588W,LIB-002915,AVAILABLE
2916,OL81588W,LIB-002916,AVAILABLE
2917,OL3236811W,LIB-002917,AVAILABLE
2918,OL3236811W,LIB-002918,AVAILABLE
2919,OL3236811W,LIB-002919,AVAILABLE
2920,OL580870W,LIB-002920,AVAILABLE
2921,OL580870W,LIB-002921,AVAILABLE
2922,OL580870W,LIB-002922,AVAILABLE
2923,OL15104128W,LIB-002923,AVAILABLE
2924,OL15104128W,LIB-002924,AVAILABLE
2925,OL15104128W,LIB-002925,AVAILABLE
2926,OL1807517W,LIB-002926,AVAILABLE
2927,OL1807517W,LIB-002927,AVAILABLE
2928,OL1807517W,LIB-002928,AVAILABLE
2929,OL3457830W,LIB-002929,AVAILABLE
2930,OL3457830W,LIB-002930,AVAILABLE
2931,OL3457830W,LIB-002931,AVAILABLE
2932,OL15027821W,LIB-002932,AVAILABLE
2933,OL15027821W,LIB-002933,AVAILABLE
2934,OL15027821W,LIB-002934,AVAILABLE
2935,OL52939W,LIB-002935,AVAILABLE
2936,OL52939W,LIB-002936,AVAILABLE
2937,OL52939W,LIB-002937,AVAILABLE
2938,OL28385852W,LIB-002938,AVAILABLE
2939,OL28385852W,LIB-002939,AVAILABLE
2940,OL28385852W,LIB-002940,AVAILABLE
2941,OL81610W,LIB-002941,AVAILABLE
2942,OL81610W,LIB-002942,AVAILABLE
2943,OL81610W,LIB-002943,AVAILABLE
2944,OL4275330W,LIB-002944,AVAILABLE
2945,OL4275330W,LIB-002945,AVAILABLE
2946,OL4275330W,LIB-002946,AVAILABLE
2947,OL1088583W,LIB-002947,AVAILABLE
2948,OL1088583W,LIB-002948,AVAILABLE
2949,OL1088583W,LIB-002949,AVAILABLE
2950,OL24340862W,LIB-002950,AVAILABLE
2951,OL24340862W,LIB-002951,AVAILABLE
2952,OL24340862W,LIB-002952,AVAILABLE
2953,OL2760095W,LIB-002953,AVAILABLE
2954,OL2760095W,LIB-002954,AVAILABLE
2955,OL2760095W,LIB-002955,AVAILABLE
2956,OL8480251W,LIB-002956,AVAILABLE
2957,OL8480251W,LIB-002957,AVAILABLE
2958,OL8480251W,LIB-002958,AVAILABLE
2959,OL27297959W,LIB-002959,AVAILABLE
2960,OL27297959W,LIB-002960,AVAILABLE
2961,OL27297959W,LIB-002961,AVAILABLE
2962,OL27303916W,LIB-002962,AVAILABLE
2963,OL27303916W,LIB-002963,AVAILABLE
2964,OL27303916W,LIB-002964,AVAILABLE
2965,OL4960551W,LIB-002965,AVAILABLE
2966,OL4960551W,LIB-002966,AVAILABLE
2967,OL4960551W,LIB-002967,AVAILABLE
2968,OL15166113W,LIB-002968,AVAILABLE
2969,OL15166113W,LIB-002969,AVAILABLE
2970,OL15166113W,LIB-002970,AVAILABLE
2971,OL5195726W,LIB-002971,AVAILABLE
2972,OL5195726W,LIB-002972,AVAILABLE
2973,OL5195726W,LIB-002973,AVAILABLE
2974,OL79636W,LIB-002974,AVAILABLE
2975,OL79636W,LIB-002975,AVAILABLE
2976,OL79636W,LIB-002976,AVAILABLE
2977,OL695408W,LIB-002977,AVAILABLE
2978,OL695408W,LIB-002978,AVAILABLE
2979,OL695408W,LIB-002979,AVAILABLE
2980,OL21676651W,LIB-002980,AVAILABLE
2981,OL21676651W,LIB-002981,AVAILABLE
2982,OL21676651W,LIB-002982,AVAILABLE
2983,OL8002915W,LIB-002983,AVAILABLE
2984,OL8002915W,LIB-002984,AVAILABLE
2985,OL8002915W,LIB-002985,AVAILABLE
2986,OL20457699W,LIB-002986,AVAILABLE
2987,OL20457699W,LIB-002987,AVAILABLE
2988,OL20457699W,LIB-002988,AVAILABLE
2989,OL1084219W,LIB-002989,AVAILABLE
2990,OL1084219W,LIB-002990,AVAILABLE
2991,OL1084219W,LIB-002991,AVAILABLE
2992,OL20375527W,LIB-002992,AVAILABLE
2993,OL20375527W,LIB-002993,AVAILABLE
2994,OL20375527W,LIB-002994,AVAILABLE
2995,OL4776740W,LIB-002995,AVAILABLE
2996,OL4776740W,LIB-002996,AVAILABLE
2997,OL4776740W,LIB-002997,AVAILABLE
2998,OL17595809W,LIB-002998,AVAILABLE
2999,OL17595809W,LIB-002999,AVAILABLE
3000,OL17595809W,LIB-003000,AVAILABLE
3001,OL12305693W,LIB-003001,AVAILABLE
3002,OL12305693W,LIB-003002,AVAILABLE
3003,OL12305693W,LIB-003003,AVAILABLE
3004,OL18191919W,LIB-003004,AVAILABLE
3005,OL18191919W,LIB-003005,AVAILABLE
3006,OL18191919W,LIB-003006,AVAILABLE
3007,OL465160W,LIB-003007,AVAILABLE
3008,OL465160W,LIB-003008,AVAILABLE
3009,OL465160W,LIB-003009,AVAILABLE
3010,OL109577W,LIB-003010,AVAILABLE
3011,OL109577W,LIB-003011,AVAILABLE
3012,OL109577W,LIB-003012,AVAILABLE
3013,OL15374110W,LIB-003013,AVAILABLE
3014,OL15374110W,LIB-003014,AVAILABLE
3015,OL15374110W,LIB-003015,AVAILABLE
3016,OL11327957W,LIB-003016,AVAILABLE
3017,OL11327957W,LIB-003017,AVAILABLE
3018,OL11327957W,LIB-003018,AVAILABLE
3019,OL17800586W,LIB-003019,AVAILABLE
3020,OL17800586W,LIB-003020,AVAILABLE
3021,OL17800586W,LIB-003021,AVAILABLE
3022,OL3907576W,LIB-003022,AVAILABLE
3023,OL3907576W,LIB-003023,AVAILABLE
3024,OL3907576W,LIB-003024,AVAILABLE
3025,OL20919875W,LIB-003025,AVAILABLE
3026,OL20919875W,LIB-003026,AVAILABLE
3027,OL20919875W,LIB-003027,AVAILABLE
3028,OL27466W,LIB-003028,AVAILABLE
3029,OL27466W,LIB-003029,AVAILABLE
3030,OL27466W,LIB-003030,AVAILABLE
3031,OL5957824W,LIB-003031,AVAILABLE
3032,OL5957824W,LIB-003032,AVAILABLE
3033,OL5957824W,LIB-003033,AVAILABLE
3034,OL52266W,LIB-003034,AVAILABLE
3035,OL52266W,LIB-003035,AVAILABLE
3036,OL52266W,LIB-003036,AVAILABLE
3037,OL27967722W,LIB-003037,AVAILABLE
3038,OL27967722W,LIB-003038,AVAILABLE
3039,OL27967722W,LIB-003039,AVAILABLE
3040,OL8826696W,LIB-003040,AVAILABLE
3041,OL8826696W,LIB-003041,AVAILABLE
3042,OL8826696W,LIB-003042,AVAILABLE
3043,OL19542630W,LIB-003043,AVAILABLE
3044,OL19542630W,LIB-003044,AVAILABLE
3045,OL19542630W,LIB-003045,AVAILABLE
3046,OL492864W,LIB-003046,AVAILABLE
3047,OL492864W,LIB-003047,AVAILABLE
3048,OL492864W,LIB-003048,AVAILABLE
3049,OL19547098W,LIB-003049,AVAILABLE
3050,OL19547098W,LIB-003050,AVAILABLE
3051,OL19547098W,LIB-003051,AVAILABLE
3052,OL8557906W,LIB-003052,AVAILABLE
3053,OL8557906W,LIB-003053,AVAILABLE
3054,OL8557906W,LIB-003054,AVAILABLE
3055,OL19547723W,LIB-003055,AVAILABLE
3056,OL19547723W,LIB-003056,AVAILABLE
3057,OL19547723W,LIB-003057,AVAILABLE
3058,OL26280914W,LIB-003058,AVAILABLE
3059,OL26280914W,LIB-003059,AVAILABLE
3060,OL26280914W,LIB-003060,AVAILABLE
3061,OL20806514W,LIB-003061,AVAILABLE
3062,OL20806514W,LIB-003062,AVAILABLE
3063,OL20806514W,LIB-003063,AVAILABLE
3064,OL15094430W,LIB-003064,AVAILABLE
3065,OL15094430W,LIB-003065,AVAILABLE
3066,OL15094430W,LIB-003066,AVAILABLE
3067,OL2859197W,LIB-003067,AVAILABLE
3068,OL2859197W,LIB-003068,AVAILABLE
3069,OL2859197W,LIB-003069,AVAILABLE
3070,OL27408170W,LIB-003070,AVAILABLE
3071,OL27408170W,LIB-003071,AVAILABLE
3072,OL27408170W,LIB-003072,AVAILABLE
3073,OL518261W,LIB-003073,AVAILABLE
3074,OL518261W,LIB-003074,AVAILABLE
3075,OL518261W,LIB-003075,AVAILABLE
3076,OL2389187W,LIB-003076,AVAILABLE
3077,OL2389187W,LIB-003077,AVAILABLE
3078,OL2389187W,LIB-003078,AVAILABLE
3079,OL893515W,LIB-003079,AVAILABLE
3080,OL893515W,LIB-003080,AVAILABLE
3081,OL893515W,LIB-003081,AVAILABLE
3082,OL437223W,LIB-003082,AVAILABLE
3083,OL437223W,LIB-003083,AVAILABLE
3084,OL437223W,LIB-003084,AVAILABLE
3085,OL38382569W,LIB-003085,AVAILABLE
3086,OL38382569W,LIB-003086,AVAILABLE
3087,OL38382569W,LIB-003087,AVAILABLE
3088,OL36861W,LIB-003088,AVAILABLE
3089,OL36861W,LIB-003089,AVAILABLE
3090,OL36861W,LIB-003090,AVAILABLE
3091,OL512984W,LIB-003091,AVAILABLE
3092,OL512984W,LIB-003092,AVAILABLE
3093,OL512984W,LIB-003093,AVAILABLE
3094,OL45902719W,LIB-003094,AVAILABLE
3095,OL45902719W,LIB-003095,AVAILABLE
3096,OL45902719W,LIB-003096,AVAILABLE
3097,OL296039W,LIB-003097,AVAILABLE
3098,OL296039W,LIB-003098,AVAILABLE
3099,OL296039W,LIB-003099,AVAILABLE
3100,OL2637305W,LIB-003100,AVAILABLE
3101,OL2637305W,LIB-003101,AVAILABLE
3102,OL2637305W,LIB-003102,AVAILABLE
3103,OL362695W,LIB-003103,AVAILABLE
3104,OL362695W,LIB-003104,AVAILABLE
3105,OL362695W,LIB-003105,AVAILABLE
3106,OL26600930W,LIB-003106,AVAILABLE
3107,OL26600930W,LIB-003107,AVAILABLE
3108,OL26600930W,LIB-003108,AVAILABLE
3109,OL27420W,LIB-003109,AVAILABLE
3110,OL27420W,LIB-003110,AVAILABLE
3111,OL27420W,LIB-003111,AVAILABLE
3112,OL3171085W,LIB-003112,AVAILABLE
3113,OL3171085W,LIB-003113,AVAILABLE
3114,OL3171085W,LIB-003114,AVAILABLE
3115,OL1916907W,LIB-003115,AVAILABLE
3116,OL1916907W,LIB-003116,AVAILABLE
3117,OL1916907W,LIB-003117,AVAILABLE
3118,OL15840845W,LIB-003118,AVAILABLE
3119,OL15840845W,LIB-003119,AVAILABLE
3120,OL15840845W,LIB-003120,AVAILABLE
3121,OL18011053W,LIB-003121,AVAILABLE
3122,OL18011053W,LIB-003122,AVAILABLE
3123,OL18011053W,LIB-003123,AVAILABLE
3124,OL19711544W,LIB-003124,AVAILABLE
3125,OL19711544W,LIB-003125,AVAILABLE
3126,OL19711544W,LIB-003126,AVAILABLE
3127,OL1815165W,LIB-003127,AVAILABLE
3128,OL1815165W,LIB-003128,AVAILABLE
3129,OL1815165W,LIB-003129,AVAILABLE
3130,OL4328696W,LIB-003130,AVAILABLE
3131,OL4328696W,LIB-003131,AVAILABLE
3132,OL4328696W,LIB-003132,AVAILABLE
3133,OL17062668W,LIB-003133,AVAILABLE
3134,OL17062668W,LIB-003134,AVAILABLE
3135,OL17062668W,LIB-003135,AVAILABLE
3136,OL2172403W,LIB-003136,AVAILABLE
3137,OL2172403W,LIB-003137,AVAILABLE
3138,OL2172403W,LIB-003138,AVAILABLE
3139,OL17319394W,LIB-003139,AVAILABLE
3140,OL17319394W,LIB-003140,AVAILABLE
3141,OL17319394W,LIB-003141,AVAILABLE
3142,OL11103939W,LIB-003142,AVAILABLE
3143,OL11103939W,LIB-003143,AVAILABLE
3144,OL11103939W,LIB-003144,AVAILABLE
3145,OL20043609W,LIB-003145,AVAILABLE
3146,OL20043609W,LIB-003146,AVAILABLE
3147,OL20043609W,LIB-003147,AVAILABLE
3148,OL1708087W,LIB-003148,AVAILABLE
3149,OL1708087W,LIB-003149,AVAILABLE
3150,OL1708087W,LIB-003150,AVAILABLE
3151,OL5588653W,LIB-003151,AVAILABLE
3152,OL5588653W,LIB-003152,AVAILABLE
3153,OL5588653W,LIB-003153,AVAILABLE
3154,OL2913066W,LIB-003154,AVAILABLE
3155,OL2913066W,LIB-003155,AVAILABLE
3156,OL2913066W,LIB-003156,AVAILABLE
3157,OL21236819W,LIB-003157,AVAILABLE
3158,OL21236819W,LIB-003158,AVAILABLE
3159,OL21236819W,LIB-003159,AVAILABLE
3160,OL85336W,LIB-003160,AVAILABLE
3161,OL85336W,LIB-003161,AVAILABLE
3162,OL85336W,LIB-003162,AVAILABLE
3163,OL38034244W,LIB-003163,AVAILABLE
3164,OL38034244W,LIB-003164,AVAILABLE
3165,OL38034244W,LIB-003165,AVAILABLE
3166,OL46399W,LIB-003166,AVAILABLE
3167,OL46399W,LIB-003167,AVAILABLE
3168,OL46399W,LIB-003168,AVAILABLE
3169,OL766052W,LIB-003169,AVAILABLE
3170,OL766052W,LIB-003170,AVAILABLE
3171,OL766052W,LIB-003171,AVAILABLE
3172,OL26177939W,LIB-003172,AVAILABLE
3173,OL26177939W,LIB-003173,AVAILABLE
3174,OL26177939W,LIB-003174,AVAILABLE
3175,OL4672081W,LIB-003175,AVAILABLE
3176,OL4672081W,LIB-003176,AVAILABLE
3177,OL4672081W,LIB-003177,AVAILABLE
3178,OL27495W,LIB-003178,AVAILABLE
3179,OL27495W,LIB-003179,AVAILABLE
3180,OL27495W,LIB-003180,AVAILABLE
3181,OL28800590W,LIB-003181,AVAILABLE
3182,OL28800590W,LIB-003182,AVAILABLE
3183,OL28800590W,LIB-003183,AVAILABLE
3184,OL19659793W,LIB-003184,AVAILABLE
3185,OL19659793W,LIB-003185,AVAILABLE
3186,OL19659793W,LIB-003186,AVAILABLE
3187,OL58235W,LIB-003187,AVAILABLE
3188,OL58235W,LIB-003188,AVAILABLE
3189,OL58235W,LIB-003189,AVAILABLE
3190,OL518262W,LIB-003190,AVAILABLE
3191,OL518262W,LIB-003191,AVAILABLE
3192,OL518262W,LIB-003192,AVAILABLE
3193,OL2701683W,LIB-003193,AVAILABLE
3194,OL2701683W,LIB-003194,AVAILABLE
3195,OL2701683W,LIB-003195,AVAILABLE
3196,OL10445944W,LIB-003196,AVAILABLE
3197,OL10445944W,LIB-003197,AVAILABLE
3198,OL10445944W,LIB-003198,AVAILABLE
3199,OL54816W,LIB-003199,AVAILABLE
3200,OL54816W,LIB-003200,AVAILABLE
3201,OL54816W,LIB-003201,AVAILABLE
3202,OL2675234W,LIB-003202,AVAILABLE
3203,OL2675234W,LIB-003203,AVAILABLE
3204,OL2675234W,LIB-003204,AVAILABLE
3205,OL14857082W,LIB-003205,AVAILABLE
3206,OL14857082W,LIB-003206,AVAILABLE
3207,OL14857082W,LIB-003207,AVAILABLE
3208,OL25445302W,LIB-003208,AVAILABLE
3209,OL25445302W,LIB-003209,AVAILABLE
3210,OL25445302W,LIB-003210,AVAILABLE
3211,OL15190817W,LIB-003211,AVAILABLE
3212,OL15190817W,LIB-003212,AVAILABLE
3213,OL15190817W,LIB-003213,AVAILABLE
3214,OL16767866W,LIB-003214,AVAILABLE
3215,OL16767866W,LIB-003215,AVAILABLE
3216,OL16767866W,LIB-003216,AVAILABLE
3217,OL4769228W,LIB-003217,AVAILABLE
3218,OL4769228W,LIB-003218,AVAILABLE
3219,OL4769228W,LIB-003219,AVAILABLE
3220,OL1932036W,LIB-003220,AVAILABLE
3221,OL1932036W,LIB-003221,AVAILABLE
3222,OL1932036W,LIB-003222,AVAILABLE
3223,OL16607803W,LIB-003223,AVAILABLE
3224,OL16607803W,LIB-003224,AVAILABLE
3225,OL16607803W,LIB-003225,AVAILABLE
3226,OL45412253W,LIB-003226,AVAILABLE
3227,OL45412253W,LIB-003227,AVAILABLE
3228,OL45412253W,LIB-003228,AVAILABLE
3229,OL19741998W,LIB-003229,AVAILABLE
3230,OL19741998W,LIB-003230,AVAILABLE
3231,OL19741998W,LIB-003231,AVAILABLE
3232,OL81621W,LIB-003232,AVAILABLE
3233,OL81621W,LIB-003233,AVAILABLE
3234,OL81621W,LIB-003234,AVAILABLE
3235,OL17719508W,LIB-003235,AVAILABLE
3236,OL17719508W,LIB-003236,AVAILABLE
3237,OL17719508W,LIB-003237,AVAILABLE
3238,OL19664946W,LIB-003238,AVAILABLE
3239,OL19664946W,LIB-003239,AVAILABLE
3240,OL19664946W,LIB-003240,AVAILABLE
3241,OL274430W,LIB-003241,AVAILABLE
3242,OL274430W,LIB-003242,AVAILABLE
3243,OL274430W,LIB-003243,AVAILABLE
3244,OL2304174W,LIB-003244,AVAILABLE
3245,OL2304174W,LIB-003245,AVAILABLE
3246,OL2304174W,LIB-003246,AVAILABLE
3247,OL21789099W,LIB-003247,AVAILABLE
3248,OL21789099W,LIB-003248,AVAILABLE
3249,OL21789099W,LIB-003249,AVAILABLE
3250,OL17876066W,LIB-003250,AVAILABLE
3251,OL17876066W,LIB-003251,AVAILABLE
3252,OL17876066W,LIB-003252,AVAILABLE
3253,OL17317208W,LIB-003253,AVAILABLE
3254,OL17317208W,LIB-003254,AVAILABLE
3255,OL17317208W,LIB-003255,AVAILABLE
3256,OL547745W,LIB-003256,AVAILABLE
3257,OL547745W,LIB-003257,AVAILABLE
3258,OL547745W,LIB-003258,AVAILABLE
3259,OL6322288W,LIB-003259,AVAILABLE
3260,OL6322288W,LIB-003260,AVAILABLE
3261,OL6322288W,LIB-003261,AVAILABLE
3262,OL5745559W,LIB-003262,AVAILABLE
3263,OL5745559W,LIB-003263,AVAILABLE
3264,OL5745559W,LIB-003264,AVAILABLE
3265,OL1865851W,LIB-003265,AVAILABLE
3266,OL1865851W,LIB-003266,AVAILABLE
3267,OL1865851W,LIB-003267,AVAILABLE
3268,OL19979999W,LIB-003268,AVAILABLE
3269,OL19979999W,LIB-003269,AVAILABLE
3270,OL19979999W,LIB-003270,AVAILABLE
3271,OL20612151W,LIB-003271,AVAILABLE
3272,OL20612151W,LIB-003272,AVAILABLE
3273,OL20612151W,LIB-003273,AVAILABLE
3274,OL25645510W,LIB-003274,AVAILABLE
3275,OL25645510W,LIB-003275,AVAILABLE
3276,OL25645510W,LIB-003276,AVAILABLE
3277,OL5759974W,LIB-003277,AVAILABLE
3278,OL5759974W,LIB-003278,AVAILABLE
3279,OL5759974W,LIB-003279,AVAILABLE
3280,OL17710110W,LIB-003280,AVAILABLE
3281,OL17710110W,LIB-003281,AVAILABLE
3282,OL17710110W,LIB-003282,AVAILABLE
3283,OL98928W,LIB-003283,AVAILABLE
3284,OL98928W,LIB-003284,AVAILABLE
3285,OL98928W,LIB-003285,AVAILABLE
3286,OL36718098W,LIB-003286,AVAILABLE
3287,OL36718098W,LIB-003287,AVAILABLE
3288,OL36718098W,LIB-003288,AVAILABLE
3289,OL17360811W,LIB-003289,AVAILABLE
3290,OL17360811W,LIB-003290,AVAILABLE
3291,OL17360811W,LIB-003291,AVAILABLE
3292,OL17531W,LIB-003292,AVAILABLE
3293,OL17531W,LIB-003293,AVAILABLE
3294,OL17531W,LIB-003294,AVAILABLE
3295,OL3296482W,LIB-003295,AVAILABLE
3296,OL3296482W,LIB-003296,AVAILABLE
3297,OL3296482W,LIB-003297,AVAILABLE
3298,OL20839362W,LIB-003298,AVAILABLE
3299,OL20839362W,LIB-003299,AVAILABLE
3300,OL20839362W,LIB-003300,AVAILABLE
3301,OL81613W,LIB-003301,AVAILABLE
3302,OL81613W,LIB-003302,AVAILABLE
3303,OL81613W,LIB-003303,AVAILABLE
3304,OL3775464W,LIB-003304,AVAILABLE
3305,OL3775464W,LIB-003305,AVAILABLE
3306,OL3775464W,LIB-003306,AVAILABLE
3307,OL2301781W,LIB-003307,AVAILABLE
3308,OL2301781W,LIB-003308,AVAILABLE
3309,OL2301781W,LIB-003309,AVAILABLE
3310,OL45874W,LIB-003310,AVAILABLE
3311,OL45874W,LIB-003311,AVAILABLE
3312,OL45874W,LIB-003312,AVAILABLE
3313,OL278571W,LIB-003313,AVAILABLE
3314,OL278571W,LIB-003314,AVAILABLE
3315,OL278571W,LIB-003315,AVAILABLE
3316,OL20915117W,LIB-003316,AVAILABLE
3317,OL20915117W,LIB-003317,AVAILABLE
3318,OL20915117W,LIB-003318,AVAILABLE
3319,OL11327660W,LIB-003319,AVAILABLE
3320,OL11327660W,LIB-003320,AVAILABLE
3321,OL11327660W,LIB-003321,AVAILABLE
3322,OL46876W,LIB-003322,AVAILABLE
3323,OL46876W,LIB-003323,AVAILABLE
3324,OL46876W,LIB-003324,AVAILABLE
3325,OL24208240W,LIB-003325,AVAILABLE
3326,OL24208240W,LIB-003326,AVAILABLE
3327,OL24208240W,LIB-003327,AVAILABLE
3328,OL24583835W,LIB-003328,AVAILABLE
3329,OL24583835W,LIB-003329,AVAILABLE
3330,OL24583835W,LIB-003330,AVAILABLE
3331,OL8538062W,LIB-003331,AVAILABLE
3332,OL8538062W,LIB-003332,AVAILABLE
3333,OL8538062W,LIB-003333,AVAILABLE
3334,OL1989546W,LIB-003334,AVAILABLE
3335,OL1989546W,LIB-003335,AVAILABLE
3336,OL1989546W,LIB-003336,AVAILABLE
3337,OL26510772W,LIB-003337,AVAILABLE
3338,OL26510772W,LIB-003338,AVAILABLE
3339,OL26510772W,LIB-003339,AVAILABLE
3340,OL1849946W,LIB-003340,AVAILABLE
3341,OL1849946W,LIB-003341,AVAILABLE
3342,OL1849946W,LIB-003342,AVAILABLE
3343,OL19974170W,LIB-003343,AVAILABLE
3344,OL19974170W,LIB-003344,AVAILABLE
3345,OL19974170W,LIB-003345,AVAILABLE
3346,OL2001766W,LIB-003346,AVAILABLE
3347,OL2001766W,LIB-003347,AVAILABLE
3348,OL2001766W,LIB-003348,AVAILABLE
3349,OL1854815W,LIB-003349,AVAILABLE
3350,OL1854815W,LIB-003350,AVAILABLE
3351,OL1854815W,LIB-003351,AVAILABLE
3352,OL816254W,LIB-003352,AVAILABLE
3353,OL816254W,LIB-003353,AVAILABLE
3354,OL816254W,LIB-003354,AVAILABLE
3355,OL15701782W,LIB-003355,AVAILABLE
3356,OL15701782W,LIB-003356,AVAILABLE
3357,OL15701782W,LIB-003357,AVAILABLE
3358,OL7992809W,LIB-003358,AVAILABLE
3359,OL7992809W,LIB-003359,AVAILABLE
3360,OL7992809W,LIB-003360,AVAILABLE
3361,OL4377831W,LIB-003361,AVAILABLE
3362,OL4377831W,LIB-003362,AVAILABLE
3363,OL4377831W,LIB-003363,AVAILABLE
3364,OL81589W,LIB-003364,AVAILABLE
3365,OL81589W,LIB-003365,AVAILABLE
3366,OL81589W,LIB-003366,AVAILABLE
3367,OL492844W,LIB-003367,AVAILABLE
3368,OL492844W,LIB-003368,AVAILABLE
3369,OL492844W,LIB-003369,AVAILABLE
3370,OL262421W,LIB-003370,AVAILABLE
3371,OL262421W,LIB-003371,AVAILABLE
3372,OL262421W,LIB-003372,AVAILABLE
3373,OL72313W,LIB-003373,AVAILABLE
3374,OL72313W,LIB-003374,AVAILABLE
3375,OL72313W,LIB-003375,AVAILABLE
3376,OL63000W,LIB-003376,AVAILABLE
3377,OL63000W,LIB-003377,AVAILABLE
3378,OL63000W,LIB-003378,AVAILABLE
3379,OL27936112W,LIB-003379,AVAILABLE
3380,OL27936112W,LIB-003380,AVAILABLE
3381,OL27936112W,LIB-003381,AVAILABLE
3382,OL974169W,LIB-003382,AVAILABLE
3383,OL974169W,LIB-003383,AVAILABLE
3384,OL974169W,LIB-003384,AVAILABLE
3385,OL46353W,LIB-003385,AVAILABLE
3386,OL46353W,LIB-003386,AVAILABLE
3387,OL46353W,LIB-003387,AVAILABLE
3388,OL43426400W,LIB-003388,AVAILABLE
3389,OL43426400W,LIB-003389,AVAILABLE
3390,OL43426400W,LIB-003390,AVAILABLE
3391,OL2674470W,LIB-003391,AVAILABLE
3392,OL2674470W,LIB-003392,AVAILABLE
3393,OL2674470W,LIB-003393,AVAILABLE
3394,OL44544830W,LIB-003394,AVAILABLE
3395,OL44544830W,LIB-003395,AVAILABLE
3396,OL44544830W,LIB-003396,AVAILABLE
3397,OL15027835W,LIB-003397,AVAILABLE
3398,OL15027835W,LIB-003398,AVAILABLE
3399,OL15027835W,LIB-003399,AVAILABLE
3400,OL54812W,LIB-003400,AVAILABLE
3401,OL54812W,LIB-003401,AVAILABLE
3402,OL54812W,LIB-003402,AVAILABLE
3403,OL20153626W,LIB-003403,AVAILABLE
3404,OL20153626W,LIB-003404,AVAILABLE
3405,OL20153626W,LIB-003405,AVAILABLE
3406,OL5735353W,LIB-003406,AVAILABLE
3407,OL5735353W,LIB-003407,AVAILABLE
3408,OL5735353W,LIB-003408,AVAILABLE
3409,OL5730762W,LIB-003409,AVAILABLE
3410,OL5730762W,LIB-003410,AVAILABLE
3411,OL5730762W,LIB-003411,AVAILABLE
3412,OL20514901W,LIB-003412,AVAILABLE
3413,OL20514901W,LIB-003413,AVAILABLE
3414,OL20514901W,LIB-003414,AVAILABLE
3415,OL19781733W,LIB-003415,AVAILABLE
3416,OL19781733W,LIB-003416,AVAILABLE
3417,OL19781733W,LIB-003417,AVAILABLE
3418,OL308575W,LIB-003418,AVAILABLE
3419,OL308575W,LIB-003419,AVAILABLE
3420,OL308575W,LIB-003420,AVAILABLE
3421,OL9284812W,LIB-003421,AVAILABLE
3422,OL9284812W,LIB-003422,AVAILABLE
3423,OL9284812W,LIB-003423,AVAILABLE
3424,OL318900W,LIB-003424,AVAILABLE
3425,OL318900W,LIB-003425,AVAILABLE
3426,OL318900W,LIB-003426,AVAILABLE
3427,OL2329244W,LIB-003427,AVAILABLE
3428,OL2329244W,LIB-003428,AVAILABLE
3429,OL2329244W,LIB-003429,AVAILABLE
3430,OL8053024W,LIB-003430,AVAILABLE
3431,OL8053024W,LIB-003431,AVAILABLE
3432,OL8053024W,LIB-003432,AVAILABLE
3433,OL15094485W,LIB-003433,AVAILABLE
3434,OL15094485W,LIB-003434,AVAILABLE
3435,OL15094485W,LIB-003435,AVAILABLE
3436,OL6077728W,LIB-003436,AVAILABLE
3437,OL6077728W,LIB-003437,AVAILABLE
3438,OL6077728W,LIB-003438,AVAILABLE
3439,OL1864159W,LIB-003439,AVAILABLE
3440,OL1864159W,LIB-003440,AVAILABLE
3441,OL1864159W,LIB-003441,AVAILABLE
3442,OL3591015W,LIB-003442,AVAILABLE
3443,OL3591015W,LIB-003443,AVAILABLE
3444,OL3591015W,LIB-003444,AVAILABLE
3445,OL20485895W,LIB-003445,AVAILABLE
3446,OL20485895W,LIB-003446,AVAILABLE
3447,OL20485895W,LIB-003447,AVAILABLE
3448,OL7924135W,LIB-003448,AVAILABLE
3449,OL7924135W,LIB-003449,AVAILABLE
3450,OL7924135W,LIB-003450,AVAILABLE
3451,OL16478203W,LIB-003451,AVAILABLE
3452,OL16478203W,LIB-003452,AVAILABLE
3453,OL16478203W,LIB-003453,AVAILABLE
3454,OL134383W,LIB-003454,AVAILABLE
3455,OL134383W,LIB-003455,AVAILABLE
3456,OL134383W,LIB-003456,AVAILABLE
3457,OL510435W,LIB-003457,AVAILABLE
3458,OL510435W,LIB-003458,AVAILABLE
3459,OL510435W,LIB-003459,AVAILABLE
3460,OL3258255W,LIB-003460,AVAILABLE
3461,OL3258255W,LIB-003461,AVAILABLE
3462,OL3258255W,LIB-003462,AVAILABLE
3463,OL81628W,LIB-003463,AVAILABLE
3464,OL81628W,LIB-003464,AVAILABLE
3465,OL81628W,LIB-003465,AVAILABLE
3466,OL3008760W,LIB-003466,AVAILABLE
3467,OL3008760W,LIB-003467,AVAILABLE
3468,OL3008760W,LIB-003468,AVAILABLE
3469,OL1891939W,LIB-003469,AVAILABLE
3470,OL1891939W,LIB-003470,AVAILABLE
3471,OL1891939W,LIB-003471,AVAILABLE
3472,OL1900976W,LIB-003472,AVAILABLE
3473,OL1900976W,LIB-003473,AVAILABLE
3474,OL1900976W,LIB-003474,AVAILABLE
3475,OL20195179W,LIB-003475,AVAILABLE
3476,OL20195179W,LIB-003476,AVAILABLE
3477,OL20195179W,LIB-003477,AVAILABLE
3478,OL24602178W,LIB-003478,AVAILABLE
3479,OL24602178W,LIB-003479,AVAILABLE
3480,OL24602178W,LIB-003480,AVAILABLE
3481,OL3851223W,LIB-003481,AVAILABLE
3482,OL3851223W,LIB-003482,AVAILABLE
3483,OL3851223W,LIB-003483,AVAILABLE
3484,OL16606139W,LIB-003484,AVAILABLE
3485,OL16606139W,LIB-003485,AVAILABLE
3486,OL16606139W,LIB-003486,AVAILABLE
3487,OL5735344W,LIB-003487,AVAILABLE
3488,OL5735344W,LIB-003488,AVAILABLE
3489,OL5735344W,LIB-003489,AVAILABLE
3490,OL2775478W,LIB-003490,AVAILABLE
3491,OL2775478W,LIB-003491,AVAILABLE
3492,OL2775478W,LIB-003492,AVAILABLE
3493,OL28442457W,LIB-003493,AVAILABLE
3494,OL28442457W,LIB-003494,AVAILABLE
3495,OL28442457W,LIB-003495,AVAILABLE
3496,OL17793649W,LIB-003496,AVAILABLE
3497,OL17793649W,LIB-003497,AVAILABLE
3498,OL17793649W,LIB-003498,AVAILABLE
3499,OL15093972W,LIB-003499,AVAILABLE
3500,OL15093972W,LIB-003500,AVAILABLE
3501,OL15093972W,LIB-003501,AVAILABLE
3502,OL4445627W,LIB-003502,AVAILABLE
3503,OL4445627W,LIB-003503,AVAILABLE
3504,OL4445627W,LIB-003504,AVAILABLE
3505,OL20020049W,LIB-003505,AVAILABLE
3506,OL20020049W,LIB-003506,AVAILABLE
3507,OL20020049W,LIB-003507,AVAILABLE
3508,OL20892522W,LIB-003508,AVAILABLE
3509,OL20892522W,LIB-003509,AVAILABLE
3510,OL20892522W,LIB-003510,AVAILABLE
3511,OL26201864W,LIB-003511,AVAILABLE
3512,OL26201864W,LIB-003512,AVAILABLE
3513,OL26201864W,LIB-003513,AVAILABLE
3514,OL69641W,LIB-003514,AVAILABLE
3515,OL69641W,LIB-003515,AVAILABLE
3516,OL69641W,LIB-003516,AVAILABLE
3517,OL453659W,LIB-003517,AVAILABLE
3518,OL453659W,LIB-003518,AVAILABLE
3519,OL453659W,LIB-003519,AVAILABLE
3520,OL17270804W,LIB-003520,AVAILABLE
3521,OL17270804W,LIB-003521,AVAILABLE
3522,OL17270804W,LIB-003522,AVAILABLE
3523,OL2024236W,LIB-003523,AVAILABLE
3524,OL2024236W,LIB-003524,AVAILABLE
3525,OL2024236W,LIB-003525,AVAILABLE
3526,OL471947W,LIB-003526,AVAILABLE
3527,OL471947W,LIB-003527,AVAILABLE
3528,OL471947W,LIB-003528,AVAILABLE
3529,OL19546184W,LIB-003529,AVAILABLE
3530,OL19546184W,LIB-003530,AVAILABLE
3531,OL19546184W,LIB-003531,AVAILABLE
3532,OL16597059W,LIB-003532,AVAILABLE
3533,OL16597059W,LIB-003533,AVAILABLE
3534,OL16597059W,LIB-003534,AVAILABLE
3535,OL21435W,LIB-003535,AVAILABLE
3536,OL21435W,LIB-003536,AVAILABLE
3537,OL21435W,LIB-003537,AVAILABLE
3538,OL121829W,LIB-003538,AVAILABLE
3539,OL121829W,LIB-003539,AVAILABLE
3540,OL121829W,LIB-003540,AVAILABLE
3541,OL3771321W,LIB-003541,AVAILABLE
3542,OL3771321W,LIB-003542,AVAILABLE
3543,OL3771321W,LIB-003543,AVAILABLE
3544,OL495934W,LIB-003544,AVAILABLE
3545,OL495934W,LIB-003545,AVAILABLE
3546,OL495934W,LIB-003546,AVAILABLE
3547,OL27677539W,LIB-003547,AVAILABLE
3548,OL27677539W,LIB-003548,AVAILABLE
3549,OL27677539W,LIB-003549,AVAILABLE
3550,OL17062642W,LIB-003550,AVAILABLE
3551,OL17062642W,LIB-003551,AVAILABLE
3552,OL17062642W,LIB-003552,AVAILABLE
3553,OL20875338W,LIB-003553,AVAILABLE
3554,OL20875338W,LIB-003554,AVAILABLE
3555,OL20875338W,LIB-003555,AVAILABLE
3556,OL20158509W,LIB-003556,AVAILABLE
3557,OL20158509W,LIB-003557,AVAILABLE
3558,OL20158509W,LIB-003558,AVAILABLE
3559,OL81616W,LIB-003559,AVAILABLE
3560,OL81616W,LIB-003560,AVAILABLE
3561,OL81616W,LIB-003561,AVAILABLE
3562,OL16672514W,LIB-003562,AVAILABLE
3563,OL16672514W,LIB-003563,AVAILABLE
3564,OL16672514W,LIB-003564,AVAILABLE
3565,OL19541812W,LIB-003565,AVAILABLE
3566,OL19541812W,LIB-003566,AVAILABLE
3567,OL19541812W,LIB-003567,AVAILABLE
3568,OL655908W,LIB-003568,AVAILABLE
3569,OL655908W,LIB-003569,AVAILABLE
3570,OL655908W,LIB-003570,AVAILABLE
3571,OL16557667W,LIB-003571,AVAILABLE
3572,OL16557667W,LIB-003572,AVAILABLE
3573,OL16557667W,LIB-003573,AVAILABLE
3574,OL257785W,LIB-003574,AVAILABLE
3575,OL257785W,LIB-003575,AVAILABLE
3576,OL257785W,LIB-003576,AVAILABLE
3577,OL72303W,LIB-003577,AVAILABLE
3578,OL72303W,LIB-003578,AVAILABLE
3579,OL72303W,LIB-003579,AVAILABLE
3580,OL19547345W,LIB-003580,AVAILABLE
3581,OL19547345W,LIB-003581,AVAILABLE
3582,OL19547345W,LIB-003582,AVAILABLE
3583,OL20888026W,LIB-003583,AVAILABLE
3584,OL20888026W,LIB-003584,AVAILABLE
3585,OL20888026W,LIB-003585,AVAILABLE
3586,OL19809141W,LIB-003586,AVAILABLE
3587,OL19809141W,LIB-003587,AVAILABLE
3588,OL19809141W,LIB-003588,AVAILABLE
3589,OL46309W,LIB-003589,AVAILABLE
3590,OL46309W,LIB-003590,AVAILABLE
3591,OL46309W,LIB-003591,AVAILABLE
3592,OL27524355W,LIB-003592,AVAILABLE
3593,OL27524355W,LIB-003593,AVAILABLE
3594,OL27524355W,LIB-003594,AVAILABLE
3595,OL21321644W,LIB-003595,AVAILABLE
3596,OL21321644W,LIB-003596,AVAILABLE
3597,OL21321644W,LIB-003597,AVAILABLE
3598,OL25753413W,LIB-003598,AVAILABLE
3599,OL25753413W,LIB-003599,AVAILABLE
3600,OL25753413W,LIB-003600,AVAILABLE
3601,OL25825656W,LIB-003601,AVAILABLE
3602,OL25825656W,LIB-003602,AVAILABLE
3603,OL25825656W,LIB-003603,AVAILABLE
3604,OL1894813W,LIB-003604,AVAILABLE
3605,OL1894813W,LIB-003605,AVAILABLE
3606,OL1894813W,LIB-003606,AVAILABLE
3607,OL17929558W,LIB-003607,AVAILABLE
3608,OL17929558W,LIB-003608,AVAILABLE
3609,OL17929558W,LIB-003609,AVAILABLE
3610,OL81614W,LIB-003610,AVAILABLE
3611,OL81614W,LIB-003611,AVAILABLE
3612,OL81614W,LIB-003612,AVAILABLE
3613,OL111439W,LIB-003613,AVAILABLE
3614,OL111439W,LIB-003614,AVAILABLE
3615,OL111439W,LIB-003615,AVAILABLE
3616,OL2972587W,LIB-003616,AVAILABLE
3617,OL2972587W,LIB-003617,AVAILABLE
3618,OL2972587W,LIB-003618,AVAILABLE
3619,OL15094648W,LIB-003619,AVAILABLE
3620,OL15094648W,LIB-003620,AVAILABLE
3621,OL15094648W,LIB-003621,AVAILABLE
3622,OL173170W,LIB-003622,AVAILABLE
3623,OL173170W,LIB-003623,AVAILABLE
3624,OL173170W,LIB-003624,AVAILABLE
3625,OL15292640W,LIB-003625,AVAILABLE
3626,OL15292640W,LIB-003626,AVAILABLE
3627,OL15292640W,LIB-003627,AVAILABLE
3628,OL16805756W,LIB-003628,AVAILABLE
3629,OL16805756W,LIB-003629,AVAILABLE
3630,OL16805756W,LIB-003630,AVAILABLE
3631,OL20145719W,LIB-003631,AVAILABLE
3632,OL20145719W,LIB-003632,AVAILABLE
3633,OL20145719W,LIB-003633,AVAILABLE
3634,OL11937510W,LIB-003634,AVAILABLE
3635,OL11937510W,LIB-003635,AVAILABLE
3636,OL11937510W,LIB-003636,AVAILABLE
3637,OL17081561W,LIB-003637,AVAILABLE
3638,OL17081561W,LIB-003638,AVAILABLE
3639,OL17081561W,LIB-003639,AVAILABLE
3640,OL534146W,LIB-003640,AVAILABLE
3641,OL534146W,LIB-003641,AVAILABLE
3642,OL534146W,LIB-003642,AVAILABLE
3643,OL453787W,LIB-003643,AVAILABLE
3644,OL453787W,LIB-003644,AVAILABLE
3645,OL453787W,LIB-003645,AVAILABLE
3646,OL17729469W,LIB-003646,AVAILABLE
3647,OL17729469W,LIB-003647,AVAILABLE
3648,OL17729469W,LIB-003648,AVAILABLE
3649,OL3004168W,LIB-003649,AVAILABLE
3650,OL3004168W,LIB-003650,AVAILABLE
3651,OL3004168W,LIB-003651,AVAILABLE
3652,OL3258476W,LIB-003652,AVAILABLE
3653,OL3258476W,LIB-003653,AVAILABLE
3654,OL3258476W,LIB-003654,AVAILABLE
3655,OL1838387W,LIB-003655,AVAILABLE
3656,OL1838387W,LIB-003656,AVAILABLE
3657,OL1838387W,LIB-003657,AVAILABLE
3658,OL4786241W,LIB-003658,AVAILABLE
3659,OL4786241W,LIB-003659,AVAILABLE
3660,OL4786241W,LIB-003660,AVAILABLE
3661,OL36459842W,LIB-003661,AVAILABLE
3662,OL36459842W,LIB-003662,AVAILABLE
3663,OL36459842W,LIB-003663,AVAILABLE
3664,OL1418187W,LIB-003664,AVAILABLE
3665,OL1418187W,LIB-003665,AVAILABLE
3666,OL1418187W,LIB-003666,AVAILABLE
3667,OL17357597W,LIB-003667,AVAILABLE
3668,OL17357597W,LIB-003668,AVAILABLE
3669,OL17357597W,LIB-003669,AVAILABLE
3670,OL16167817W,LIB-003670,AVAILABLE
3671,OL16167817W,LIB-003671,AVAILABLE
3672,OL16167817W,LIB-003672,AVAILABLE
3673,OL86617W,LIB-003673,AVAILABLE
3674,OL86617W,LIB-003674,AVAILABLE
3675,OL86617W,LIB-003675,AVAILABLE
3676,OL453680W,LIB-003676,AVAILABLE
3677,OL453680W,LIB-003677,AVAILABLE
3678,OL453680W,LIB-003678,AVAILABLE
3679,OL263273W,LIB-003679,AVAILABLE
3680,OL263273W,LIB-003680,AVAILABLE
3681,OL263273W,LIB-003681,AVAILABLE
3682,OL2895536W,LIB-003682,AVAILABLE
3683,OL2895536W,LIB-003683,AVAILABLE
3684,OL2895536W,LIB-003684,AVAILABLE
3685,OL453663W,LIB-003685,AVAILABLE
3686,OL453663W,LIB-003686,AVAILABLE
3687,OL453663W,LIB-003687,AVAILABLE
3688,OL13716952W,LIB-003688,AVAILABLE
3689,OL13716952W,LIB-003689,AVAILABLE
3690,OL13716952W,LIB-003690,AVAILABLE
3691,OL679303W,LIB-003691,AVAILABLE
3692,OL679303W,LIB-003692,AVAILABLE
3693,OL679303W,LIB-003693,AVAILABLE
3694,OL1067314W,LIB-003694,AVAILABLE
3695,OL1067314W,LIB-003695,AVAILABLE
3696,OL1067314W,LIB-003696,AVAILABLE
3697,OL16924939W,LIB-003697,AVAILABLE
3698,OL16924939W,LIB-003698,AVAILABLE
3699,OL16924939W,LIB-003699,AVAILABLE
3700,OL36287W,LIB-003700,AVAILABLE
3701,OL36287W,LIB-003701,AVAILABLE
3702,OL36287W,LIB-003702,AVAILABLE
3703,OL16520879W,LIB-003703,AVAILABLE
3704,OL16520879W,LIB-003704,AVAILABLE
3705,OL16520879W,LIB-003705,AVAILABLE
3706,OL21083120W,LIB-003706,AVAILABLE
3707,OL21083120W,LIB-003707,AVAILABLE
3708,OL21083120W,LIB-003708,AVAILABLE
3709,OL7967812W,LIB-003709,AVAILABLE
3710,OL7967812W,LIB-003710,AVAILABLE
3711,OL7967812W,LIB-003711,AVAILABLE
3712,OL17358369W,LIB-003712,AVAILABLE
3713,OL17358369W,LIB-003713,AVAILABLE
3714,OL17358369W,LIB-003714,AVAILABLE
3715,OL24706481W,LIB-003715,AVAILABLE
3716,OL24706481W,LIB-003716,AVAILABLE
3717,OL24706481W,LIB-003717,AVAILABLE
3718,OL20476941W,LIB-003718,AVAILABLE
3719,OL20476941W,LIB-003719,AVAILABLE
3720,OL20476941W,LIB-003720,AVAILABLE
3721,OL2482688W,LIB-003721,AVAILABLE
3722,OL2482688W,LIB-003722,AVAILABLE
3723,OL2482688W,LIB-003723,AVAILABLE
3724,OL472250W,LIB-003724,AVAILABLE
3725,OL472250W,LIB-003725,AVAILABLE
3726,OL472250W,LIB-003726,AVAILABLE
3727,OL34054577W,LIB-003727,AVAILABLE
3728,OL34054577W,LIB-003728,AVAILABLE
3729,OL34054577W,LIB-003729,AVAILABLE
3730,OL28319W,LIB-003730,AVAILABLE
3731,OL28319W,LIB-003731,AVAILABLE
3732,OL28319W,LIB-003732,AVAILABLE
3733,OL2746369W,LIB-003733,AVAILABLE
3734,OL2746369W,LIB-003734,AVAILABLE
3735,OL2746369W,LIB-003735,AVAILABLE
3736,OL72340W,LIB-003736,AVAILABLE
3737,OL72340W,LIB-003737,AVAILABLE
3738,OL72340W,LIB-003738,AVAILABLE
3739,OL731663W,LIB-003739,AVAILABLE
3740,OL731663W,LIB-003740,AVAILABLE
3741,OL731663W,LIB-003741,AVAILABLE
3742,OL27293350W,LIB-003742,AVAILABLE
3743,OL27293350W,LIB-003743,AVAILABLE
3744,OL27293350W,LIB-003744,AVAILABLE
3745,OL2163706W,LIB-003745,AVAILABLE
3746,OL2163706W,LIB-003746,AVAILABLE
3747,OL2163706W,LIB-003747,AVAILABLE
3748,OL19724782W,LIB-003748,AVAILABLE
3749,OL19724782W,LIB-003749,AVAILABLE
3750,OL19724782W,LIB-003750,AVAILABLE
3751,OL17860744W,LIB-003751,AVAILABLE
3752,OL17860744W,LIB-003752,AVAILABLE
3753,OL17860744W,LIB-003753,AVAILABLE
3754,OL2163655W,LIB-003754,AVAILABLE
3755,OL2163655W,LIB-003755,AVAILABLE
3756,OL2163655W,LIB-003756,AVAILABLE
3757,OL37568839W,LIB-003757,AVAILABLE
3758,OL37568839W,LIB-003758,AVAILABLE
3759,OL37568839W,LIB-003759,AVAILABLE
3760,OL1001044W,LIB-003760,AVAILABLE
3761,OL1001044W,LIB-003761,AVAILABLE
3762,OL1001044W,LIB-003762,AVAILABLE
3763,OL82560W,LIB-003763,AVAILABLE
3764,OL82560W,LIB-003764,AVAILABLE
3765,OL82560W,LIB-003765,AVAILABLE
3766,OL1003017W,LIB-003766,AVAILABLE
3767,OL1003017W,LIB-003767,AVAILABLE
3768,OL1003017W,LIB-003768,AVAILABLE
3769,OL20651342W,LIB-003769,AVAILABLE
3770,OL20651342W,LIB-003770,AVAILABLE
3771,OL20651342W,LIB-003771,AVAILABLE
3772,OL871842W,LIB-003772,AVAILABLE
3773,OL871842W,LIB-003773,AVAILABLE
3774,OL871842W,LIB-003774,AVAILABLE
3775,OL3672111W,LIB-003775,AVAILABLE
3776,OL3672111W,LIB-003776,AVAILABLE
3777,OL3672111W,LIB-003777,AVAILABLE
3778,OL54653W,LIB-003778,AVAILABLE
3779,OL54653W,LIB-003779,AVAILABLE
3780,OL54653W,LIB-003780,AVAILABLE
3781,OL950839W,LIB-003781,AVAILABLE
3782,OL950839W,LIB-003782,AVAILABLE
3783,OL950839W,LIB-003783,AVAILABLE
3784,OL81606W,LIB-003784,AVAILABLE
3785,OL81606W,LIB-003785,AVAILABLE
3786,OL81606W,LIB-003786,AVAILABLE
3787,OL13255291W,LIB-003787,AVAILABLE
3788,OL13255291W,LIB-003788,AVAILABLE
3789,OL13255291W,LIB-003789,AVAILABLE
3790,OL27040669W,LIB-003790,AVAILABLE
3791,OL27040669W,LIB-003791,AVAILABLE
3792,OL27040669W,LIB-003792,AVAILABLE
3793,OL3375468W,LIB-003793,AVAILABLE
3794,OL3375468W,LIB-003794,AVAILABLE
3795,OL3375468W,LIB-003795,AVAILABLE
3796,OL4092675W,LIB-003796,AVAILABLE
3797,OL4092675W,LIB-003797,AVAILABLE
3798,OL4092675W,LIB-003798,AVAILABLE
3799,OL1000784W,LIB-003799,AVAILABLE
3800,OL1000784W,LIB-003800,AVAILABLE
3801,OL1000784W,LIB-003801,AVAILABLE
3802,OL1388027W,LIB-003802,AVAILABLE
3803,OL1388027W,LIB-003803,AVAILABLE
3804,OL1388027W,LIB-003804,AVAILABLE
3805,OL41078W,LIB-003805,AVAILABLE
3806,OL41078W,LIB-003806,AVAILABLE
3807,OL41078W,LIB-003807,AVAILABLE
3808,OL3276497W,LIB-003808,AVAILABLE
3809,OL3276497W,LIB-003809,AVAILABLE
3810,OL3276497W,LIB-003810,AVAILABLE
3811,OL17432099W,LIB-003811,AVAILABLE
3812,OL17432099W,LIB-003812,AVAILABLE
3813,OL17432099W,LIB-003813,AVAILABLE
3814,OL20159801W,LIB-003814,AVAILABLE
3815,OL20159801W,LIB-003815,AVAILABLE
3816,OL20159801W,LIB-003816,AVAILABLE
3817,OL257939W,LIB-003817,AVAILABLE
3818,OL257939W,LIB-003818,AVAILABLE
3819,OL257939W,LIB-003819,AVAILABLE
3820,OL510772W,LIB-003820,AVAILABLE
3821,OL510772W,LIB-003821,AVAILABLE
3822,OL510772W,LIB-003822,AVAILABLE
3823,OL3498671W,LIB-003823,AVAILABLE
3824,OL3498671W,LIB-003824,AVAILABLE
3825,OL3498671W,LIB-003825,AVAILABLE
3826,OL3625242W,LIB-003826,AVAILABLE
3827,OL3625242W,LIB-003827,AVAILABLE
3828,OL3625242W,LIB-003828,AVAILABLE
3829,OL3492595W,LIB-003829,AVAILABLE
3830,OL3492595W,LIB-003830,AVAILABLE
3831,OL3492595W,LIB-003831,AVAILABLE
3832,OL26868W,LIB-003832,AVAILABLE
3833,OL26868W,LIB-003833,AVAILABLE
3834,OL26868W,LIB-003834,AVAILABLE
3835,OL2577486W,LIB-003835,AVAILABLE
3836,OL2577486W,LIB-003836,AVAILABLE
3837,OL2577486W,LIB-003837,AVAILABLE
3838,OL17112232W,LIB-003838,AVAILABLE
3839,OL17112232W,LIB-003839,AVAILABLE
3840,OL17112232W,LIB-003840,AVAILABLE
3841,OL26767718W,LIB-003841,AVAILABLE
3842,OL26767718W,LIB-003842,AVAILABLE
3843,OL26767718W,LIB-003843,AVAILABLE
3844,OL20159742W,LIB-003844,AVAILABLE
3845,OL20159742W,LIB-003845,AVAILABLE
3846,OL20159742W,LIB-003846,AVAILABLE
3847,OL100772W,LIB-003847,AVAILABLE
3848,OL100772W,LIB-003848,AVAILABLE
3849,OL100772W,LIB-003849,AVAILABLE
3850,OL16043875W,LIB-003850,AVAILABLE
3851,OL16043875W,LIB-003851,AVAILABLE
3852,OL16043875W,LIB-003852,AVAILABLE
3853,OL10626182W,LIB-003853,AVAILABLE
3854,OL10626182W,LIB-003854,AVAILABLE
3855,OL10626182W,LIB-003855,AVAILABLE
3856,OL27858155W,LIB-003856,AVAILABLE
3857,OL27858155W,LIB-003857,AVAILABLE
3858,OL27858155W,LIB-003858,AVAILABLE
3859,OL5151812W,LIB-003859,AVAILABLE
3860,OL5151812W,LIB-003860,AVAILABLE
3861,OL5151812W,LIB-003861,AVAILABLE
3862,OL4817364W,LIB-003862,AVAILABLE
3863,OL4817364W,LIB-003863,AVAILABLE
3864,OL4817364W,LIB-003864,AVAILABLE
3865,OL5940690W,LIB-003865,AVAILABLE
3866,OL5940690W,LIB-003866,AVAILABLE
3867,OL5940690W,LIB-003867,AVAILABLE
3868,OL8024622W,LIB-003868,AVAILABLE
3869,OL8024622W,LIB-003869,AVAILABLE
3870,OL8024622W,LIB-003870,AVAILABLE
3871,OL15125458W,LIB-003871,AVAILABLE
3872,OL15125458W,LIB-003872,AVAILABLE
3873,OL15125458W,LIB-003873,AVAILABLE
3874,OL81599W,LIB-003874,AVAILABLE
3875,OL81599W,LIB-003875,AVAILABLE
3876,OL81599W,LIB-003876,AVAILABLE
3877,OL20785377W,LIB-003877,AVAILABLE
3878,OL20785377W,LIB-003878,AVAILABLE
3879,OL20785377W,LIB-003879,AVAILABLE
3880,OL17746362W,LIB-003880,AVAILABLE
3881,OL17746362W,LIB-003881,AVAILABLE
3882,OL17746362W,LIB-003882,AVAILABLE
3883,OL15473892W,LIB-003883,AVAILABLE
3884,OL15473892W,LIB-003884,AVAILABLE
3885,OL15473892W,LIB-003885,AVAILABLE
3886,OL16630938W,LIB-003886,AVAILABLE
3887,OL16630938W,LIB-003887,AVAILABLE
3888,OL16630938W,LIB-003888,AVAILABLE
3889,OL28351044W,LIB-003889,AVAILABLE
3890,OL28351044W,LIB-003890,AVAILABLE
3891,OL28351044W,LIB-003891,AVAILABLE
3892,OL3552774W,LIB-003892,AVAILABLE
3893,OL3552774W,LIB-003893,AVAILABLE
3894,OL3552774W,LIB-003894,AVAILABLE
3895,OL5728423W,LIB-003895,AVAILABLE
3896,OL5728423W,LIB-003896,AVAILABLE
3897,OL5728423W,LIB-003897,AVAILABLE
3898,OL8092445W,LIB-003898,AVAILABLE
3899,OL8092445W,LIB-003899,AVAILABLE
3900,OL8092445W,LIB-003900,AVAILABLE
3901,OL863800W,LIB-003901,AVAILABLE
3902,OL863800W,LIB-003902,AVAILABLE
3903,OL863800W,LIB-003903,AVAILABLE
3904,OL15009577W,LIB-003904,AVAILABLE
3905,OL15009577W,LIB-003905,AVAILABLE
3906,OL15009577W,LIB-003906,AVAILABLE
3907,OL1884868W,LIB-003907,AVAILABLE
3908,OL1884868W,LIB-003908,AVAILABLE
3909,OL1884868W,LIB-003909,AVAILABLE
3910,OL22312074W,LIB-003910,AVAILABLE
3911,OL22312074W,LIB-003911,AVAILABLE
3912,OL22312074W,LIB-003912,AVAILABLE
3913,OL18695154W,LIB-003913,AVAILABLE
3914,OL18695154W,LIB-003914,AVAILABLE
3915,OL18695154W,LIB-003915,AVAILABLE
3916,OL27090610W,LIB-003916,AVAILABLE
3917,OL27090610W,LIB-003917,AVAILABLE
3918,OL27090610W,LIB-003918,AVAILABLE
3919,OL921859W,LIB-003919,AVAILABLE
3920,OL921859W,LIB-003920,AVAILABLE
3921,OL921859W,LIB-003921,AVAILABLE
3922,OL44227646W,LIB-003922,AVAILABLE
3923,OL44227646W,LIB-003923,AVAILABLE
3924,OL44227646W,LIB-003924,AVAILABLE
3925,OL15331302W,LIB-003925,AVAILABLE
3926,OL15331302W,LIB-003926,AVAILABLE
3927,OL15331302W,LIB-003927,AVAILABLE
3928,OL2099016W,LIB-003928,AVAILABLE
3929,OL2099016W,LIB-003929,AVAILABLE
3930,OL2099016W,LIB-003930,AVAILABLE
3931,OL14981238W,LIB-003931,AVAILABLE
3932,OL14981238W,LIB-003932,AVAILABLE
3933,OL14981238W,LIB-003933,AVAILABLE
3934,OL16767167W,LIB-003934,AVAILABLE
3935,OL16767167W,LIB-003935,AVAILABLE
3936,OL16767167W,LIB-003936,AVAILABLE
3937,OL731737W,LIB-003937,AVAILABLE
3938,OL731737W,LIB-003938,AVAILABLE
3939,OL731737W,LIB-003939,AVAILABLE
3940,OL1943568W,LIB-003940,AVAILABLE
3941,OL1943568W,LIB-003941,AVAILABLE
3942,OL1943568W,LIB-003942,AVAILABLE
3943,OL25346533W,LIB-003943,AVAILABLE
3944,OL25346533W,LIB-003944,AVAILABLE
3945,OL25346533W,LIB-003945,AVAILABLE
3946,OL20640195W,LIB-003946,AVAILABLE
3947,OL20640195W,LIB-003947,AVAILABLE
3948,OL20640195W,LIB-003948,AVAILABLE
3949,OL551015W,LIB-003949,AVAILABLE
3950,OL551015W,LIB-003950,AVAILABLE
3951,OL551015W,LIB-003951,AVAILABLE
3952,OL492853W,LIB-003952,AVAILABLE
3953,OL492853W,LIB-003953,AVAILABLE
3954,OL492853W,LIB-003954,AVAILABLE
3955,OL8404516W,LIB-003955,AVAILABLE
3956,OL8404516W,LIB-003956,AVAILABLE
3957,OL8404516W,LIB-003957,AVAILABLE
3958,OL16210991W,LIB-003958,AVAILABLE
3959,OL16210991W,LIB-003959,AVAILABLE
3960,OL16210991W,LIB-003960,AVAILABLE
3961,OL497382W,LIB-003961,AVAILABLE
3962,OL497382W,LIB-003962,AVAILABLE
3963,OL497382W,LIB-003963,AVAILABLE
3964,OL3220870W,LIB-003964,AVAILABLE
3965,OL3220870W,LIB-003965,AVAILABLE
3966,OL3220870W,LIB-003966,AVAILABLE
3967,OL20035436W,LIB-003967,AVAILABLE
3968,OL20035436W,LIB-003968,AVAILABLE
3969,OL20035436W,LIB-003969,AVAILABLE
3970,OL21102490W,LIB-003970,AVAILABLE
3971,OL21102490W,LIB-003971,AVAILABLE
3972,OL21102490W,LIB-003972,AVAILABLE
3973,OL28894552W,LIB-003973,AVAILABLE
3974,OL28894552W,LIB-003974,AVAILABLE
3975,OL28894552W,LIB-003975,AVAILABLE
3976,OL3190937W,LIB-003976,AVAILABLE
3977,OL3190937W,LIB-003977,AVAILABLE
3978,OL3190937W,LIB-003978,AVAILABLE
3979,OL1810842W,LIB-003979,AVAILABLE
3980,OL1810842W,LIB-003980,AVAILABLE
3981,OL1810842W,LIB-003981,AVAILABLE
3982,OL17367560W,LIB-003982,AVAILABLE
3983,OL17367560W,LIB-003983,AVAILABLE
3984,OL17367560W,LIB-003984,AVAILABLE
3985,OL762611W,LIB-003985,AVAILABLE
3986,OL762611W,LIB-003986,AVAILABLE
3987,OL762611W,LIB-003987,AVAILABLE
3988,OL15621266W,LIB-003988,AVAILABLE
3989,OL15621266W,LIB-003989,AVAILABLE
3990,OL15621266W,LIB-003990,AVAILABLE
3991,OL3004212W,LIB-003991,AVAILABLE
3992,OL3004212W,LIB-003992,AVAILABLE
3993,OL3004212W,LIB-003993,AVAILABLE
3994,OL28351716W,LIB-003994,AVAILABLE
3995,OL28351716W,LIB-003995,AVAILABLE
3996,OL28351716W,LIB-003996,AVAILABLE
3997,OL20890488W,LIB-003997,AVAILABLE
3998,OL20890488W,LIB-003998,AVAILABLE
3999,OL20890488W,LIB-003999,AVAILABLE
4000,OL2025107W,LIB-004000,AVAILABLE
4001,OL2025107W,LIB-004001,AVAILABLE
4002,OL2025107W,LIB-004002,AVAILABLE
4003,OL103156W,LIB-004003,AVAILABLE
4004,OL103156W,LIB-004004,AVAILABLE
4005,OL103156W,LIB-004005,AVAILABLE
4006,OL21132473W,LIB-004006,AVAILABLE
4007,OL21132473W,LIB-004007,AVAILABLE
4008,OL21132473W,LIB-004008,AVAILABLE
4009,OL106350W,LIB-004009,AVAILABLE
4010,OL106350W,LIB-004010,AVAILABLE
4011,OL106350W,LIB-004011,AVAILABLE
4012,OL18161339W,LIB-004012,AVAILABLE
4013,OL18161339W,LIB-004013,AVAILABLE
4014,OL18161339W,LIB-004014,AVAILABLE
4015,OL1846863W,LIB-004015,AVAILABLE
4016,OL1846863W,LIB-004016,AVAILABLE
4017,OL1846863W,LIB-004017,AVAILABLE
4018,OL2859659W,LIB-004018,AVAILABLE
4019,OL2859659W,LIB-004019,AVAILABLE
4020,OL2859659W,LIB-004020,AVAILABLE
4021,OL8239524W,LIB-004021,AVAILABLE
4022,OL8239524W,LIB-004022,AVAILABLE
4023,OL8239524W,LIB-004023,AVAILABLE
4024,OL17892614W,LIB-004024,AVAILABLE
4025,OL17892614W,LIB-004025,AVAILABLE
4026,OL17892614W,LIB-004026,AVAILABLE
4027,OL2664705W,LIB-004027,AVAILABLE
4028,OL2664705W,LIB-004028,AVAILABLE
4029,OL2664705W,LIB-004029,AVAILABLE
4030,OL9203940W,LIB-004030,AVAILABLE
4031,OL9203940W,LIB-004031,AVAILABLE
4032,OL9203940W,LIB-004032,AVAILABLE
4033,OL20808172W,LIB-004033,AVAILABLE
4034,OL20808172W,LIB-004034,AVAILABLE
4035,OL20808172W,LIB-004035,AVAILABLE
4036,OL21104069W,LIB-004036,AVAILABLE
4037,OL21104069W,LIB-004037,AVAILABLE
4038,OL21104069W,LIB-004038,AVAILABLE
4039,OL893502W,LIB-004039,AVAILABLE
4040,OL893502W,LIB-004040,AVAILABLE
4041,OL893502W,LIB-004041,AVAILABLE
4042,OL9367818W,LIB-004042,AVAILABLE
4043,OL9367818W,LIB-004043,AVAILABLE
4044,OL9367818W,LIB-004044,AVAILABLE
4045,OL262426W,LIB-004045,AVAILABLE
4046,OL262426W,LIB-004046,AVAILABLE
4047,OL262426W,LIB-004047,AVAILABLE
4048,OL4295161W,LIB-004048,AVAILABLE
4049,OL4295161W,LIB-004049,AVAILABLE
4050,OL4295161W,LIB-004050,AVAILABLE
4051,OL4632913W,LIB-004051,AVAILABLE
4052,OL4632913W,LIB-004052,AVAILABLE
4053,OL4632913W,LIB-004053,AVAILABLE
4054,OL21603934W,LIB-004054,AVAILABLE
4055,OL21603934W,LIB-004055,AVAILABLE
4056,OL21603934W,LIB-004056,AVAILABLE
4057,OL7947084W,LIB-004057,AVAILABLE
4058,OL7947084W,LIB-004058,AVAILABLE
4059,OL7947084W,LIB-004059,AVAILABLE
4060,OL3127907W,LIB-004060,AVAILABLE
4061,OL3127907W,LIB-004061,AVAILABLE
4062,OL3127907W,LIB-004062,AVAILABLE
4063,OL2035966W,LIB-004063,AVAILABLE
4064,OL2035966W,LIB-004064,AVAILABLE
4065,OL2035966W,LIB-004065,AVAILABLE
4066,OL21775531W,LIB-004066,AVAILABLE
4067,OL21775531W,LIB-004067,AVAILABLE
4068,OL21775531W,LIB-004068,AVAILABLE
4069,OL15057739W,LIB-004069,AVAILABLE
4070,OL15057739W,LIB-004070,AVAILABLE
4071,OL15057739W,LIB-004071,AVAILABLE
4072,OL28347181W,LIB-004072,AVAILABLE
4073,OL28347181W,LIB-004073,AVAILABLE
4074,OL28347181W,LIB-004074,AVAILABLE
4075,OL5748186W,LIB-004075,AVAILABLE
4076,OL5748186W,LIB-004076,AVAILABLE
4077,OL5748186W,LIB-004077,AVAILABLE
4078,OL1738489W,LIB-004078,AVAILABLE
4079,OL1738489W,LIB-004079,AVAILABLE
4080,OL1738489W,LIB-004080,AVAILABLE
4081,OL34224558W,LIB-004081,AVAILABLE
4082,OL34224558W,LIB-004082,AVAILABLE
4083,OL34224558W,LIB-004083,AVAILABLE
4084,OL14873874W,LIB-004084,AVAILABLE
4085,OL14873874W,LIB-004085,AVAILABLE
4086,OL14873874W,LIB-004086,AVAILABLE
4087,OL19998163W,LIB-004087,AVAILABLE
4088,OL19998163W,LIB-004088,AVAILABLE
4089,OL19998163W,LIB-004089,AVAILABLE
4090,OL2757104W,LIB-004090,AVAILABLE
4091,OL2757104W,LIB-004091,AVAILABLE
4092,OL2757104W,LIB-004092,AVAILABLE
4093,OL492866W,LIB-004093,AVAILABLE
4094,OL492866W,LIB-004094,AVAILABLE
4095,OL492866W,LIB-004095,AVAILABLE
4096,OL52947W,LIB-004096,AVAILABLE
4097,OL52947W,LIB-004097,AVAILABLE
4098,OL52947W,LIB-004098,AVAILABLE
4099,OL18181428W,LIB-004099,AVAILABLE
4100,OL18181428W,LIB-004100,AVAILABLE
4101,OL18181428W,LIB-004101,AVAILABLE
4102,OL1108523W,LIB-004102,AVAILABLE
4103,OL1108523W,LIB-004103,AVAILABLE
4104,OL1108523W,LIB-004104,AVAILABLE
4105,OL29224726W,LIB-004105,AVAILABLE
4106,OL29224726W,LIB-004106,AVAILABLE
4107,OL29224726W,LIB-004107,AVAILABLE
4108,OL13752694W,LIB-004108,AVAILABLE
4109,OL13752694W,LIB-004109,AVAILABLE
4110,OL13752694W,LIB-004110,AVAILABLE
4111,OL107927W,LIB-004111,AVAILABLE
4112,OL107927W,LIB-004112,AVAILABLE
4113,OL107927W,LIB-004113,AVAILABLE
4114,OL45894957W,LIB-004114,AVAILABLE
4115,OL45894957W,LIB-004115,AVAILABLE
4116,OL45894957W,LIB-004116,AVAILABLE
4117,OL19101888W,LIB-004117,AVAILABLE
4118,OL19101888W,LIB-004118,AVAILABLE
4119,OL19101888W,LIB-004119,AVAILABLE
4120,OL811195W,LIB-004120,AVAILABLE
4121,OL811195W,LIB-004121,AVAILABLE
4122,OL811195W,LIB-004122,AVAILABLE
4123,OL2682054W,LIB-004123,AVAILABLE
4124,OL2682054W,LIB-004124,AVAILABLE
4125,OL2682054W,LIB-004125,AVAILABLE
4126,OL4468656W,LIB-004126,AVAILABLE
4127,OL4468656W,LIB-004127,AVAILABLE
4128,OL4468656W,LIB-004128,AVAILABLE
4129,OL50283W,LIB-004129,AVAILABLE
4130,OL50283W,LIB-004130,AVAILABLE
4131,OL50283W,LIB-004131,AVAILABLE
4132,OL66667W,LIB-004132,AVAILABLE
4133,OL66667W,LIB-004133,AVAILABLE
4134,OL66667W,LIB-004134,AVAILABLE
4135,OL3151594W,LIB-004135,AVAILABLE
4136,OL3151594W,LIB-004136,AVAILABLE
4137,OL3151594W,LIB-004137,AVAILABLE
4138,OL20480768W,LIB-004138,AVAILABLE
4139,OL20480768W,LIB-004139,AVAILABLE
4140,OL20480768W,LIB-004140,AVAILABLE
4141,OL4802101W,LIB-004141,AVAILABLE
4142,OL4802101W,LIB-004142,AVAILABLE
4143,OL4802101W,LIB-004143,AVAILABLE
4144,OL118388W,LIB-004144,AVAILABLE
4145,OL118388W,LIB-004145,AVAILABLE
4146,OL118388W,LIB-004146,AVAILABLE
4147,OL21717355W,LIB-004147,AVAILABLE
4148,OL21717355W,LIB-004148,AVAILABLE
4149,OL21717355W,LIB-004149,AVAILABLE
4150,OL20004814W,LIB-004150,AVAILABLE
4151,OL20004814W,LIB-004151,AVAILABLE
4152,OL20004814W,LIB-004152,AVAILABLE
4153,OL17929883W,LIB-004153,AVAILABLE
4154,OL17929883W,LIB-004154,AVAILABLE
4155,OL17929883W,LIB-004155,AVAILABLE
4156,OL679360W,LIB-004156,AVAILABLE
4157,OL679360W,LIB-004157,AVAILABLE
4158,OL679360W,LIB-004158,AVAILABLE
4159,OL20339383W,LIB-004159,AVAILABLE
4160,OL20339383W,LIB-004160,AVAILABLE
4161,OL20339383W,LIB-004161,AVAILABLE
4162,OL102914W,LIB-004162,AVAILABLE
4163,OL102914W,LIB-004163,AVAILABLE
4164,OL102914W,LIB-004164,AVAILABLE
4165,OL14914197W,LIB-004165,AVAILABLE
4166,OL14914197W,LIB-004166,AVAILABLE
4167,OL14914197W,LIB-004167,AVAILABLE
4168,OL1921810W,LIB-004168,AVAILABLE
4169,OL1921810W,LIB-004169,AVAILABLE
4170,OL1921810W,LIB-004170,AVAILABLE
4171,OL2163649W,LIB-004171,AVAILABLE
4172,OL2163649W,LIB-004172,AVAILABLE
4173,OL2163649W,LIB-004173,AVAILABLE
4174,OL28621600W,LIB-004174,AVAILABLE
4175,OL28621600W,LIB-004175,AVAILABLE
4176,OL28621600W,LIB-004176,AVAILABLE
4177,OL472044W,LIB-004177,AVAILABLE
4178,OL472044W,LIB-004178,AVAILABLE
4179,OL472044W,LIB-004179,AVAILABLE
4180,OL36719344W,LIB-004180,AVAILABLE
4181,OL36719344W,LIB-004181,AVAILABLE
4182,OL36719344W,LIB-004182,AVAILABLE
4183,OL5735361W,LIB-004183,AVAILABLE
4184,OL5735361W,LIB-004184,AVAILABLE
4185,OL5735361W,LIB-004185,AVAILABLE
4186,OL3360437W,LIB-004186,AVAILABLE
4187,OL3360437W,LIB-004187,AVAILABLE
4188,OL3360437W,LIB-004188,AVAILABLE
4189,OL5735363W,LIB-004189,AVAILABLE
4190,OL5735363W,LIB-004190,AVAILABLE
4191,OL5735363W,LIB-004191,AVAILABLE
4192,OL136644W,LIB-004192,AVAILABLE
4193,OL136644W,LIB-004193,AVAILABLE
4194,OL136644W,LIB-004194,AVAILABLE
4195,OL8454248W,LIB-004195,AVAILABLE
4196,OL8454248W,LIB-004196,AVAILABLE
4197,OL8454248W,LIB-004197,AVAILABLE
4198,OL19075470W,LIB-004198,AVAILABLE
4199,OL19075470W,LIB-004199,AVAILABLE
4200,OL19075470W,LIB-004200,AVAILABLE
4201,OL2040359W,LIB-004201,AVAILABLE
4202,OL2040359W,LIB-004202,AVAILABLE
4203,OL2040359W,LIB-004203,AVAILABLE
4204,OL39316W,LIB-004204,AVAILABLE
4205,OL39316W,LIB-004205,AVAILABLE
4206,OL39316W,LIB-004206,AVAILABLE
4207,OL19777047W,LIB-004207,AVAILABLE
4208,OL19777047W,LIB-004208,AVAILABLE
4209,OL19777047W,LIB-004209,AVAILABLE
4210,OL849186W,LIB-004210,AVAILABLE
4211,OL849186W,LIB-004211,AVAILABLE
4212,OL849186W,LIB-004212,AVAILABLE
4213,OL5716312W,LIB-004213,AVAILABLE
4214,OL5716312W,LIB-004214,AVAILABLE
4215,OL5716312W,LIB-004215,AVAILABLE
4216,OL26435488W,LIB-004216,AVAILABLE
4217,OL26435488W,LIB-004217,AVAILABLE
4218,OL26435488W,LIB-004218,AVAILABLE
4219,OL25671276W,LIB-004219,AVAILABLE
4220,OL25671276W,LIB-004220,AVAILABLE
4221,OL25671276W,LIB-004221,AVAILABLE
4222,OL2656416W,LIB-004222,AVAILABLE
4223,OL2656416W,LIB-004223,AVAILABLE
4224,OL2656416W,LIB-004224,AVAILABLE
4225,OL80870W,LIB-004225,AVAILABLE
4226,OL80870W,LIB-004226,AVAILABLE
4227,OL80870W,LIB-004227,AVAILABLE
4228,OL11277282W,LIB-004228,AVAILABLE
4229,OL11277282W,LIB-004229,AVAILABLE
4230,OL11277282W,LIB-004230,AVAILABLE
4231,OL7924103W,LIB-004231,AVAILABLE
4232,OL7924103W,LIB-004232,AVAILABLE
4233,OL7924103W,LIB-004233,AVAILABLE
4234,OL2859654W,LIB-004234,AVAILABLE
4235,OL2859654W,LIB-004235,AVAILABLE
4236,OL2859654W,LIB-004236,AVAILABLE
4237,OL20709638W,LIB-004237,AVAILABLE
4238,OL20709638W,LIB-004238,AVAILABLE
4239,OL20709638W,LIB-004239,AVAILABLE
4240,OL81584W,LIB-004240,AVAILABLE
4241,OL81584W,LIB-004241,AVAILABLE
4242,OL81584W,LIB-004242,AVAILABLE
4243,OL7497934W,LIB-004243,AVAILABLE
4244,OL7497934W,LIB-004244,AVAILABLE
4245,OL7497934W,LIB-004245,AVAILABLE
4246,OL3723921W,LIB-004246,AVAILABLE
4247,OL3723921W,LIB-004247,AVAILABLE
4248,OL3723921W,LIB-004248,AVAILABLE
4249,OL19325338W,LIB-004249,AVAILABLE
4250,OL19325338W,LIB-004250,AVAILABLE
4251,OL19325338W,LIB-004251,AVAILABLE
4252,OL19498362W,LIB-004252,AVAILABLE
4253,OL19498362W,LIB-004253,AVAILABLE
4254,OL19498362W,LIB-004254,AVAILABLE
4255,OL3513513W,LIB-004255,AVAILABLE
4256,OL3513513W,LIB-004256,AVAILABLE
4257,OL3513513W,LIB-004257,AVAILABLE
4258,OL1867086W,LIB-004258,AVAILABLE
4259,OL1867086W,LIB-004259,AVAILABLE
4260,OL1867086W,LIB-004260,AVAILABLE
4261,OL12251744W,LIB-004261,AVAILABLE
4262,OL12251744W,LIB-004262,AVAILABLE
4263,OL12251744W,LIB-004263,AVAILABLE
4264,OL262496W,LIB-004264,AVAILABLE
4265,OL262496W,LIB-004265,AVAILABLE
4266,OL262496W,LIB-004266,AVAILABLE
4267,OL471871W,LIB-004267,AVAILABLE
4268,OL471871W,LIB-004268,AVAILABLE
4269,OL471871W,LIB-004269,AVAILABLE
4270,OL1089297W,LIB-004270,AVAILABLE
4271,OL1089297W,LIB-004271,AVAILABLE
4272,OL1089297W,LIB-004272,AVAILABLE
4273,OL6045694W,LIB-004273,AVAILABLE
4274,OL6045694W,LIB-004274,AVAILABLE
4275,OL6045694W,LIB-004275,AVAILABLE
4276,OL39160W,LIB-004276,AVAILABLE
4277,OL39160W,LIB-004277,AVAILABLE
4278,OL39160W,LIB-004278,AVAILABLE
4279,OL19354392W,LIB-004279,AVAILABLE
4280,OL19354392W,LIB-004280,AVAILABLE
4281,OL19354392W,LIB-004281,AVAILABLE
4282,OL679336W,LIB-004282,AVAILABLE
4283,OL679336W,LIB-004283,AVAILABLE
4284,OL679336W,LIB-004284,AVAILABLE
4285,OL880201W,LIB-004285,AVAILABLE
4286,OL880201W,LIB-004286,AVAILABLE
4287,OL880201W,LIB-004287,AVAILABLE
4288,OL21078935W,LIB-004288,AVAILABLE
4289,OL21078935W,LIB-004289,AVAILABLE
4290,OL21078935W,LIB-004290,AVAILABLE
4291,OL4797379W,LIB-004291,AVAILABLE
4292,OL4797379W,LIB-004292,AVAILABLE
4293,OL4797379W,LIB-004293,AVAILABLE
4294,OL6320851W,LIB-004294,AVAILABLE
4295,OL6320851W,LIB-004295,AVAILABLE
4296,OL6320851W,LIB-004296,AVAILABLE
4297,OL3523054W,LIB-004297,AVAILABLE
4298,OL3523054W,LIB-004298,AVAILABLE
4299,OL3523054W,LIB-004299,AVAILABLE
4300,OL24326785W,LIB-004300,AVAILABLE
4301,OL24326785W,LIB-004301,AVAILABLE
4302,OL24326785W,LIB-004302,AVAILABLE
4303,OL20757698W,LIB-004303,AVAILABLE
4304,OL20757698W,LIB-004304,AVAILABLE
4305,OL20757698W,LIB-004305,AVAILABLE
4306,OL15920941W,LIB-004306,AVAILABLE
4307,OL15920941W,LIB-004307,AVAILABLE
4308,OL15920941W,LIB-004308,AVAILABLE
4309,OL24340920W,LIB-004309,AVAILABLE
4310,OL24340920W,LIB-004310,AVAILABLE
4311,OL24340920W,LIB-004311,AVAILABLE
4312,OL16818208W,LIB-004312,AVAILABLE
4313,OL16818208W,LIB-004313,AVAILABLE
4314,OL16818208W,LIB-004314,AVAILABLE
4315,OL41059W,LIB-004315,AVAILABLE
4316,OL41059W,LIB-004316,AVAILABLE
4317,OL41059W,LIB-004317,AVAILABLE
4318,OL21084352W,LIB-004318,AVAILABLE
4319,OL21084352W,LIB-004319,AVAILABLE
4320,OL21084352W,LIB-004320,AVAILABLE
4321,OL17864836W,LIB-004321,AVAILABLE
4322,OL17864836W,LIB-004322,AVAILABLE
4323,OL17864836W,LIB-004323,AVAILABLE
4324,OL1881226W,LIB-004324,AVAILABLE
4325,OL1881226W,LIB-004325,AVAILABLE
4326,OL1881226W,LIB-004326,AVAILABLE
4327,OL20922686W,LIB-004327,AVAILABLE
4328,OL20922686W,LIB-004328,AVAILABLE
4329,OL20922686W,LIB-004329,AVAILABLE
4330,OL24165W,LIB-004330,AVAILABLE
4331,OL24165W,LIB-004331,AVAILABLE
4332,OL24165W,LIB-004332,AVAILABLE
4333,OL25434351W,LIB-004333,AVAILABLE
4334,OL25434351W,LIB-004334,AVAILABLE
4335,OL25434351W,LIB-004335,AVAILABLE
4336,OL2959315W,LIB-004336,AVAILABLE
4337,OL2959315W,LIB-004337,AVAILABLE
4338,OL2959315W,LIB-004338,AVAILABLE
4339,OL927199W,LIB-004339,AVAILABLE
4340,OL927199W,LIB-004340,AVAILABLE
4341,OL927199W,LIB-004341,AVAILABLE
4342,OL20012002W,LIB-004342,AVAILABLE
4343,OL20012002W,LIB-004343,AVAILABLE
4344,OL20012002W,LIB-004344,AVAILABLE
4345,OL4289172W,LIB-004345,AVAILABLE
4346,OL4289172W,LIB-004346,AVAILABLE
4347,OL4289172W,LIB-004347,AVAILABLE
4348,OL16923333W,LIB-004348,AVAILABLE
4349,OL16923333W,LIB-004349,AVAILABLE
4350,OL16923333W,LIB-004350,AVAILABLE
4351,OL7428156W,LIB-004351,AVAILABLE
4352,OL7428156W,LIB-004352,AVAILABLE
4353,OL7428156W,LIB-004353,AVAILABLE
4354,OL8945763W,LIB-004354,AVAILABLE
4355,OL8945763W,LIB-004355,AVAILABLE
4356,OL8945763W,LIB-004356,AVAILABLE
4357,OL24315937W,LIB-004357,AVAILABLE
4358,OL24315937W,LIB-004358,AVAILABLE
4359,OL24315937W,LIB-004359,AVAILABLE
4360,OL21248904W,LIB-004360,AVAILABLE
4361,OL21248904W,LIB-004361,AVAILABLE
4362,OL21248904W,LIB-004362,AVAILABLE
4363,OL8127201W,LIB-004363,AVAILABLE
4364,OL8127201W,LIB-004364,AVAILABLE
4365,OL8127201W,LIB-004365,AVAILABLE
4366,OL9183208W,LIB-004366,AVAILABLE
4367,OL9183208W,LIB-004367,AVAILABLE
4368,OL9183208W,LIB-004368,AVAILABLE
4369,OL492836W,LIB-004369,AVAILABLE
4370,OL492836W,LIB-004370,AVAILABLE
4371,OL492836W,LIB-004371,AVAILABLE
4372,OL59798W,LIB-004372,AVAILABLE
4373,OL59798W,LIB-004373,AVAILABLE
4374,OL59798W,LIB-004374,AVAILABLE
4375,OL15449158W,LIB-004375,AVAILABLE
4376,OL15449158W,LIB-004376,AVAILABLE
4377,OL15449158W,LIB-004377,AVAILABLE
4378,OL10551927W,LIB-004378,AVAILABLE
4379,OL10551927W,LIB-004379,AVAILABLE
4380,OL10551927W,LIB-004380,AVAILABLE
4381,OL8212440W,LIB-004381,AVAILABLE
4382,OL8212440W,LIB-004382,AVAILABLE
4383,OL8212440W,LIB-004383,AVAILABLE
4384,OL514942W,LIB-004384,AVAILABLE
4385,OL514942W,LIB-004385,AVAILABLE
4386,OL514942W,LIB-004386,AVAILABLE
4387,OL14920315W,LIB-004387,AVAILABLE
4388,OL14920315W,LIB-004388,AVAILABLE
4389,OL14920315W,LIB-004389,AVAILABLE
4390,OL498623W,LIB-004390,AVAILABLE
4391,OL498623W,LIB-004391,AVAILABLE
4392,OL498623W,LIB-004392,AVAILABLE
4393,OL21802553W,LIB-004393,AVAILABLE
4394,OL21802553W,LIB-004394,AVAILABLE
4395,OL21802553W,LIB-004395,AVAILABLE
4396,OL2664934W,LIB-004396,AVAILABLE
4397,OL2664934W,LIB-004397,AVAILABLE
4398,OL2664934W,LIB-004398,AVAILABLE
4399,OL16060024W,LIB-004399,AVAILABLE
4400,OL16060024W,LIB-004400,AVAILABLE
4401,OL16060024W,LIB-004401,AVAILABLE
4402,OL2643698W,LIB-004402,AVAILABLE
4403,OL2643698W,LIB-004403,AVAILABLE
4404,OL2643698W,LIB-004404,AVAILABLE
4405,OL3171083W,LIB-004405,AVAILABLE
4406,OL3171083W,LIB-004406,AVAILABLE
4407,OL3171083W,LIB-004407,AVAILABLE
4408,OL19671079W,LIB-004408,AVAILABLE
4409,OL19671079W,LIB-004409,AVAILABLE
4410,OL19671079W,LIB-004410,AVAILABLE
4411,OL19747321W,LIB-004411,AVAILABLE
4412,OL19747321W,LIB-004412,AVAILABLE
4413,OL19747321W,LIB-004413,AVAILABLE
4414,OL17038327W,LIB-004414,AVAILABLE
4415,OL17038327W,LIB-004415,AVAILABLE
4416,OL17038327W,LIB-004416,AVAILABLE
4417,OL2706526W,LIB-004417,AVAILABLE
4418,OL2706526W,LIB-004418,AVAILABLE
4419,OL2706526W,LIB-004419,AVAILABLE
4420,OL31776485W,LIB-004420,AVAILABLE
4421,OL31776485W,LIB-004421,AVAILABLE
4422,OL31776485W,LIB-004422,AVAILABLE
4423,OL5236217W,LIB-004423,AVAILABLE
4424,OL5236217W,LIB-004424,AVAILABLE
4425,OL5236217W,LIB-004425,AVAILABLE
4426,OL468431W,LIB-004426,AVAILABLE
4427,OL468431W,LIB-004427,AVAILABLE
4428,OL468431W,LIB-004428,AVAILABLE
4429,OL5730768W,LIB-004429,AVAILABLE
4430,OL5730768W,LIB-004430,AVAILABLE
4431,OL5730768W,LIB-004431,AVAILABLE
4432,OL16814013W,LIB-004432,AVAILABLE
4433,OL16814013W,LIB-004433,AVAILABLE
4434,OL16814013W,LIB-004434,AVAILABLE
4435,OL44269610W,LIB-004435,AVAILABLE
4436,OL44269610W,LIB-004436,AVAILABLE
4437,OL44269610W,LIB-004437,AVAILABLE
4438,OL98454W,LIB-004438,AVAILABLE
4439,OL98454W,LIB-004439,AVAILABLE
4440,OL98454W,LIB-004440,AVAILABLE
4441,OL52968W,LIB-004441,AVAILABLE
4442,OL52968W,LIB-004442,AVAILABLE
4443,OL52968W,LIB-004443,AVAILABLE
4444,OL3261123W,LIB-004444,AVAILABLE
4445,OL3261123W,LIB-004445,AVAILABLE
4446,OL3261123W,LIB-004446,AVAILABLE
4447,OL17886378W,LIB-004447,AVAILABLE
4448,OL17886378W,LIB-004448,AVAILABLE
4449,OL17886378W,LIB-004449,AVAILABLE
4450,OL20584966W,LIB-004450,AVAILABLE
4451,OL20584966W,LIB-004451,AVAILABLE
4452,OL20584966W,LIB-004452,AVAILABLE
4453,OL20250443W,LIB-004453,AVAILABLE
4454,OL20250443W,LIB-004454,AVAILABLE
4455,OL20250443W,LIB-004455,AVAILABLE
4456,OL7510216W,LIB-004456,AVAILABLE
4457,OL7510216W,LIB-004457,AVAILABLE
4458,OL7510216W,LIB-004458,AVAILABLE
4459,OL25455333W,LIB-004459,AVAILABLE
4460,OL25455333W,LIB-004460,AVAILABLE
4461,OL25455333W,LIB-004461,AVAILABLE
4462,OL24203283W,LIB-004462,AVAILABLE
4463,OL24203283W,LIB-004463,AVAILABLE
4464,OL24203283W,LIB-004464,AVAILABLE
4465,OL453777W,LIB-004465,AVAILABLE
4466,OL453777W,LIB-004466,AVAILABLE
4467,OL453777W,LIB-004467,AVAILABLE
4468,OL2205458W,LIB-004468,AVAILABLE
4469,OL2205458W,LIB-004469,AVAILABLE
4470,OL2205458W,LIB-004470,AVAILABLE
4471,OL264083W,LIB-004471,AVAILABLE
4472,OL264083W,LIB-004472,AVAILABLE
4473,OL264083W,LIB-004473,AVAILABLE
4474,OL51521W,LIB-004474,AVAILABLE
4475,OL51521W,LIB-004475,AVAILABLE
4476,OL51521W,LIB-004476,AVAILABLE
4477,OL72311W,LIB-004477,AVAILABLE
4478,OL72311W,LIB-004478,AVAILABLE
4479,OL72311W,LIB-004479,AVAILABLE
4480,OL22874043W,LIB-004480,AVAILABLE
4481,OL22874043W,LIB-004481,AVAILABLE
4482,OL22874043W,LIB-004482,AVAILABLE
4483,OL15474046W,LIB-004483,AVAILABLE
4484,OL15474046W,LIB-004484,AVAILABLE
4485,OL15474046W,LIB-004485,AVAILABLE
4486,OL82536W,LIB-004486,AVAILABLE
4487,OL82536W,LIB-004487,AVAILABLE
4488,OL82536W,LIB-004488,AVAILABLE
4489,OL3252855W,LIB-004489,AVAILABLE
4490,OL3252855W,LIB-004490,AVAILABLE
4491,OL3252855W,LIB-004491,AVAILABLE
4492,OL5959693W,LIB-004492,AVAILABLE
4493,OL5959693W,LIB-004493,AVAILABLE
4494,OL5959693W,LIB-004494,AVAILABLE
4495,OL26487642W,LIB-004495,AVAILABLE
4496,OL26487642W,LIB-004496,AVAILABLE
4497,OL26487642W,LIB-004497,AVAILABLE
4498,OL3452485W,LIB-004498,AVAILABLE
4499,OL3452485W,LIB-004499,AVAILABLE
4500,OL3452485W,LIB-004500,AVAILABLE
4501,OL7923819W,LIB-004501,AVAILABLE
4502,OL7923819W,LIB-004502,AVAILABLE
4503,OL7923819W,LIB-004503,AVAILABLE
4504,OL4375088W,LIB-004504,AVAILABLE
4505,OL4375088W,LIB-004505,AVAILABLE
4506,OL4375088W,LIB-004506,AVAILABLE
4507,OL26308702W,LIB-004507,AVAILABLE
4508,OL26308702W,LIB-004508,AVAILABLE
4509,OL26308702W,LIB-004509,AVAILABLE
4510,OL20791314W,LIB-004510,AVAILABLE
4511,OL20791314W,LIB-004511,AVAILABLE
4512,OL20791314W,LIB-004512,AVAILABLE
4513,OL14907745W,LIB-004513,AVAILABLE
4514,OL14907745W,LIB-004514,AVAILABLE
4515,OL14907745W,LIB-004515,AVAILABLE
4516,OL18939W,LIB-004516,AVAILABLE
4517,OL18939W,LIB-004517,AVAILABLE
4518,OL18939W,LIB-004518,AVAILABLE
4519,OL20880175W,LIB-004519,AVAILABLE
4520,OL20880175W,LIB-004520,AVAILABLE
4521,OL20880175W,LIB-004521,AVAILABLE
4522,OL20521622W,LIB-004522,AVAILABLE
4523,OL20521622W,LIB-004523,AVAILABLE
4524,OL20521622W,LIB-004524,AVAILABLE
4525,OL3759348W,LIB-004525,AVAILABLE
4526,OL3759348W,LIB-004526,AVAILABLE
4527,OL3759348W,LIB-004527,AVAILABLE
4528,OL3544575W,LIB-004528,AVAILABLE
4529,OL3544575W,LIB-004529,AVAILABLE
4530,OL3544575W,LIB-004530,AVAILABLE
4531,OL20464343W,LIB-004531,AVAILABLE
4532,OL20464343W,LIB-004532,AVAILABLE
4533,OL20464343W,LIB-004533,AVAILABLE
4534,OL20786985W,LIB-004534,AVAILABLE
4535,OL20786985W,LIB-004535,AVAILABLE
4536,OL20786985W,LIB-004536,AVAILABLE
4537,OL3255100W,LIB-004537,AVAILABLE
4538,OL3255100W,LIB-004538,AVAILABLE
4539,OL3255100W,LIB-004539,AVAILABLE
4540,OL1088581W,LIB-004540,AVAILABLE
4541,OL1088581W,LIB-004541,AVAILABLE
4542,OL1088581W,LIB-004542,AVAILABLE
4543,OL16806686W,LIB-004543,AVAILABLE
4544,OL16806686W,LIB-004544,AVAILABLE
4545,OL16806686W,LIB-004545,AVAILABLE
4546,OL2746901W,LIB-004546,AVAILABLE
4547,OL2746901W,LIB-004547,AVAILABLE
4548,OL2746901W,LIB-004548,AVAILABLE
4549,OL46178W,LIB-004549,AVAILABLE
4550,OL46178W,LIB-004550,AVAILABLE
4551,OL46178W,LIB-004551,AVAILABLE
4552,OL2231038W,LIB-004552,AVAILABLE
4553,OL2231038W,LIB-004553,AVAILABLE
4554,OL2231038W,LIB-004554,AVAILABLE
4555,OL18987W,LIB-004555,AVAILABLE
4556,OL18987W,LIB-004556,AVAILABLE
4557,OL18987W,LIB-004557,AVAILABLE
4558,OL5738147W,LIB-004558,AVAILABLE
4559,OL5738147W,LIB-004559,AVAILABLE
4560,OL5738147W,LIB-004560,AVAILABLE
4561,OL617847W,LIB-004561,AVAILABLE
4562,OL617847W,LIB-004562,AVAILABLE
4563,OL617847W,LIB-004563,AVAILABLE
4564,OL14985961W,LIB-004564,AVAILABLE
4565,OL14985961W,LIB-004565,AVAILABLE
4566,OL14985961W,LIB-004566,AVAILABLE
4567,OL31191485W,LIB-004567,AVAILABLE
4568,OL31191485W,LIB-004568,AVAILABLE
4569,OL31191485W,LIB-004569,AVAILABLE
4570,OL17606111W,LIB-004570,AVAILABLE
4571,OL17606111W,LIB-004571,AVAILABLE
4572,OL17606111W,LIB-004572,AVAILABLE
4573,OL7566008W,LIB-004573,AVAILABLE
4574,OL7566008W,LIB-004574,AVAILABLE
4575,OL7566008W,LIB-004575,AVAILABLE
4576,OL27085944W,LIB-004576,AVAILABLE
4577,OL27085944W,LIB-004577,AVAILABLE
4578,OL27085944W,LIB-004578,AVAILABLE
4579,OL59712W,LIB-004579,AVAILABLE
4580,OL59712W,LIB-004580,AVAILABLE
4581,OL59712W,LIB-004581,AVAILABLE
4582,OL6917001W,LIB-004582,AVAILABLE
4583,OL6917001W,LIB-004583,AVAILABLE
4584,OL6917001W,LIB-004584,AVAILABLE
4585,OL16568734W,LIB-004585,AVAILABLE
4586,OL16568734W,LIB-004586,AVAILABLE
4587,OL16568734W,LIB-004587,AVAILABLE
4588,OL21853528W,LIB-004588,AVAILABLE
4589,OL21853528W,LIB-004589,AVAILABLE
4590,OL21853528W,LIB-004590,AVAILABLE
4591,OL167144W,LIB-004591,AVAILABLE
4592,OL167144W,LIB-004592,AVAILABLE
4593,OL167144W,LIB-004593,AVAILABLE
4594,OL1903569W,LIB-004594,AVAILABLE
4595,OL1903569W,LIB-004595,AVAILABLE
4596,OL1903569W,LIB-004596,AVAILABLE
4597,OL6065737W,LIB-004597,AVAILABLE
4598,OL6065737W,LIB-004598,AVAILABLE
4599,OL6065737W,LIB-004599,AVAILABLE
4600,OL2707209W,LIB-004600,AVAILABLE
4601,OL2707209W,LIB-004601,AVAILABLE
4602,OL2707209W,LIB-004602,AVAILABLE
4603,OL1940374W,LIB-004603,AVAILABLE
4604,OL1940374W,LIB-004604,AVAILABLE
4605,OL1940374W,LIB-004605,AVAILABLE
4606,OL5730757W,LIB-004606,AVAILABLE
4607,OL5730757W,LIB-004607,AVAILABLE
4608,OL5730757W,LIB-004608,AVAILABLE
4609,OL9964695W,LIB-004609,AVAILABLE
4610,OL9964695W,LIB-004610,AVAILABLE
4611,OL9964695W,LIB-004611,AVAILABLE
4612,OL3282659W,LIB-004612,AVAILABLE
4613,OL3282659W,LIB-004613,AVAILABLE
4614,OL3282659W,LIB-004614,AVAILABLE
4615,OL79859W,LIB-004615,AVAILABLE
4616,OL79859W,LIB-004616,AVAILABLE
4617,OL79859W,LIB-004617,AVAILABLE
4618,OL1960253W,LIB-004618,AVAILABLE
4619,OL1960253W,LIB-004619,AVAILABLE
4620,OL1960253W,LIB-004620,AVAILABLE
4621,OL3255494W,LIB-004621,AVAILABLE
4622,OL3255494W,LIB-004622,AVAILABLE
4623,OL3255494W,LIB-004623,AVAILABLE
4624,OL20797718W,LIB-004624,AVAILABLE
4625,OL20797718W,LIB-004625,AVAILABLE
4626,OL20797718W,LIB-004626,AVAILABLE
4627,OL25709760W,LIB-004627,AVAILABLE
4628,OL25709760W,LIB-004628,AVAILABLE
4629,OL25709760W,LIB-004629,AVAILABLE
4630,OL727637W,LIB-004630,AVAILABLE
4631,OL727637W,LIB-004631,AVAILABLE
4632,OL727637W,LIB-004632,AVAILABLE
4633,OL4161442W,LIB-004633,AVAILABLE
4634,OL4161442W,LIB-004634,AVAILABLE
4635,OL4161442W,LIB-004635,AVAILABLE
4636,OL5734646W,LIB-004636,AVAILABLE
4637,OL5734646W,LIB-004637,AVAILABLE
4638,OL5734646W,LIB-004638,AVAILABLE
4639,OL1258590W,LIB-004639,AVAILABLE
4640,OL1258590W,LIB-004640,AVAILABLE
4641,OL1258590W,LIB-004641,AVAILABLE
4642,OL3261137W,LIB-004642,AVAILABLE
4643,OL3261137W,LIB-004643,AVAILABLE
4644,OL3261137W,LIB-004644,AVAILABLE
4645,OL15160663W,LIB-004645,AVAILABLE
4646,OL15160663W,LIB-004646,AVAILABLE
4647,OL15160663W,LIB-004647,AVAILABLE
4648,OL8371994W,LIB-004648,AVAILABLE
4649,OL8371994W,LIB-004649,AVAILABLE
4650,OL8371994W,LIB-004650,AVAILABLE
4651,OL33718317W,LIB-004651,AVAILABLE
4652,OL33718317W,LIB-004652,AVAILABLE
4653,OL33718317W,LIB-004653,AVAILABLE
4654,OL20121596W,LIB-004654,AVAILABLE
4655,OL20121596W,LIB-004655,AVAILABLE
4656,OL20121596W,LIB-004656,AVAILABLE
4657,OL2653703W,LIB-004657,AVAILABLE
4658,OL2653703W,LIB-004658,AVAILABLE
4659,OL2653703W,LIB-004659,AVAILABLE
4660,OL1000805W,LIB-004660,AVAILABLE
4661,OL1000805W,LIB-004661,AVAILABLE
4662,OL1000805W,LIB-004662,AVAILABLE
4663,OL16820059W,LIB-004663,AVAILABLE
4664,OL16820059W,LIB-004664,AVAILABLE
4665,OL16820059W,LIB-004665,AVAILABLE
4666,OL17403612W,LIB-004666,AVAILABLE
4667,OL17403612W,LIB-004667,AVAILABLE
4668,OL17403612W,LIB-004668,AVAILABLE
4669,OL20354498W,LIB-004669,AVAILABLE
4670,OL20354498W,LIB-004670,AVAILABLE
4671,OL20354498W,LIB-004671,AVAILABLE
4672,OL3771236W,LIB-004672,AVAILABLE
4673,OL3771236W,LIB-004673,AVAILABLE
4674,OL3771236W,LIB-004674,AVAILABLE
4675,OL4988914W,LIB-004675,AVAILABLE
4676,OL4988914W,LIB-004676,AVAILABLE
4677,OL4988914W,LIB-004677,AVAILABLE
4678,OL35351151W,LIB-004678,AVAILABLE
4679,OL35351151W,LIB-004679,AVAILABLE
4680,OL35351151W,LIB-004680,AVAILABLE
4681,OL27686485W,LIB-004681,AVAILABLE
4682,OL27686485W,LIB-004682,AVAILABLE
4683,OL27686485W,LIB-004683,AVAILABLE
4684,OL15455165W,LIB-004684,AVAILABLE
4685,OL15455165W,LIB-004685,AVAILABLE
4686,OL15455165W,LIB-004686,AVAILABLE
4687,OL16468852W,LIB-004687,AVAILABLE
4688,OL16468852W,LIB-004688,AVAILABLE
4689,OL16468852W,LIB-004689,AVAILABLE
4690,OL21143429W,LIB-004690,AVAILABLE
4691,OL21143429W,LIB-004691,AVAILABLE
4692,OL21143429W,LIB-004692,AVAILABLE
4693,OL5735357W,LIB-004693,AVAILABLE
4694,OL5735357W,LIB-004694,AVAILABLE
4695,OL5735357W,LIB-004695,AVAILABLE
4696,OL9200964W,LIB-004696,AVAILABLE
4697,OL9200964W,LIB-004697,AVAILABLE
4698,OL9200964W,LIB-004698,AVAILABLE
4699,OL26169598W,LIB-004699,AVAILABLE
4700,OL26169598W,LIB-004700,AVAILABLE
4701,OL26169598W,LIB-004701,AVAILABLE
4702,OL16721864W,LIB-004702,AVAILABLE
4703,OL16721864W,LIB-004703,AVAILABLE
4704,OL16721864W,LIB-004704,AVAILABLE
4705,OL5749846W,LIB-004705,AVAILABLE
4706,OL5749846W,LIB-004706,AVAILABLE
4707,OL5749846W,LIB-004707,AVAILABLE
4708,OL16060338W,LIB-004708,AVAILABLE
4709,OL16060338W,LIB-004709,AVAILABLE
4710,OL16060338W,LIB-004710,AVAILABLE
4711,OL15437450W,LIB-004711,AVAILABLE
4712,OL15437450W,LIB-004712,AVAILABLE
4713,OL15437450W,LIB-004713,AVAILABLE
4714,OL166894W,LIB-004714,AVAILABLE
4715,OL166894W,LIB-004715,AVAILABLE
4716,OL166894W,LIB-004716,AVAILABLE
4717,OL8193416W,LIB-004717,AVAILABLE
4718,OL8193416W,LIB-004718,AVAILABLE
4719,OL8193416W,LIB-004719,AVAILABLE
4720,OL480105W,LIB-004720,AVAILABLE
4721,OL480105W,LIB-004721,AVAILABLE
4722,OL480105W,LIB-004722,AVAILABLE
4723,OL9009303W,LIB-004723,AVAILABLE
4724,OL9009303W,LIB-004724,AVAILABLE
4725,OL9009303W,LIB-004725,AVAILABLE
4726,OL2000340W,LIB-004726,AVAILABLE
4727,OL2000340W,LIB-004727,AVAILABLE
4728,OL2000340W,LIB-004728,AVAILABLE
4729,OL278197W,LIB-004729,AVAILABLE
4730,OL278197W,LIB-004730,AVAILABLE
4731,OL278197W,LIB-004731,AVAILABLE
4732,OL20882382W,LIB-004732,AVAILABLE
4733,OL20882382W,LIB-004733,AVAILABLE
4734,OL20882382W,LIB-004734,AVAILABLE
4735,OL24477958W,LIB-004735,AVAILABLE
4736,OL24477958W,LIB-004736,AVAILABLE
4737,OL24477958W,LIB-004737,AVAILABLE
4738,OL1946682W,LIB-004738,AVAILABLE
4739,OL1946682W,LIB-004739,AVAILABLE
4740,OL1946682W,LIB-004740,AVAILABLE
4741,OL38503W,LIB-004741,AVAILABLE
4742,OL38503W,LIB-004742,AVAILABLE
4743,OL38503W,LIB-004743,AVAILABLE
4744,OL1000812W,LIB-004744,AVAILABLE
4745,OL1000812W,LIB-004745,AVAILABLE
4746,OL1000812W,LIB-004746,AVAILABLE
4747,OL16591835W,LIB-004747,AVAILABLE
4748,OL16591835W,LIB-004748,AVAILABLE
4749,OL16591835W,LIB-004749,AVAILABLE
4750,OL17414477W,LIB-004750,AVAILABLE
4751,OL17414477W,LIB-004751,AVAILABLE
4752,OL17414477W,LIB-004752,AVAILABLE
4753,OL25753122W,LIB-004753,AVAILABLE
4754,OL25753122W,LIB-004754,AVAILABLE
4755,OL25753122W,LIB-004755,AVAILABLE
4756,OL11277304W,LIB-004756,AVAILABLE
4757,OL11277304W,LIB-004757,AVAILABLE
4758,OL11277304W,LIB-004758,AVAILABLE
4759,OL1877201W,LIB-004759,AVAILABLE
4760,OL1877201W,LIB-004760,AVAILABLE
4761,OL1877201W,LIB-004761,AVAILABLE
4762,OL28954802W,LIB-004762,AVAILABLE
4763,OL28954802W,LIB-004763,AVAILABLE
4764,OL28954802W,LIB-004764,AVAILABLE
4765,OL22367098W,LIB-004765,AVAILABLE
4766,OL22367098W,LIB-004766,AVAILABLE
4767,OL22367098W,LIB-004767,AVAILABLE
4768,OL23286W,LIB-004768,AVAILABLE
4769,OL23286W,LIB-004769,AVAILABLE
4770,OL23286W,LIB-004770,AVAILABLE
4771,OL1881227W,LIB-004771,AVAILABLE
4772,OL1881227W,LIB-004772,AVAILABLE
4773,OL1881227W,LIB-004773,AVAILABLE
4774,OL15215804W,LIB-004774,AVAILABLE
4775,OL15215804W,LIB-004775,AVAILABLE
4776,OL15215804W,LIB-004776,AVAILABLE
4777,OL20632921W,LIB-004777,AVAILABLE
4778,OL20632921W,LIB-004778,AVAILABLE
4779,OL20632921W,LIB-004779,AVAILABLE
4780,OL152331W,LIB-004780,AVAILABLE
4781,OL152331W,LIB-004781,AVAILABLE
4782,OL152331W,LIB-004782,AVAILABLE
4783,OL1752009W,LIB-004783,AVAILABLE
4784,OL1752009W,LIB-004784,AVAILABLE
4785,OL1752009W,LIB-004785,AVAILABLE
4786,OL2776167W,LIB-004786,AVAILABLE
4787,OL2776167W,LIB-004787,AVAILABLE
4788,OL2776167W,LIB-004788,AVAILABLE
4789,OL28933447W,LIB-004789,AVAILABLE
4790,OL28933447W,LIB-004790,AVAILABLE
4791,OL28933447W,LIB-004791,AVAILABLE
4792,OL2016985W,LIB-004792,AVAILABLE
4793,OL2016985W,LIB-004793,AVAILABLE
4794,OL2016985W,LIB-004794,AVAILABLE
4795,OL26772954W,LIB-004795,AVAILABLE
4796,OL26772954W,LIB-004796,AVAILABLE
4797,OL26772954W,LIB-004797,AVAILABLE
4798,OL8375348W,LIB-004798,AVAILABLE
4799,OL8375348W,LIB-004799,AVAILABLE
4800,OL8375348W,LIB-004800,AVAILABLE
4801,OL1290284W,LIB-004801,AVAILABLE
4802,OL1290284W,LIB-004802,AVAILABLE
4803,OL1290284W,LIB-004803,AVAILABLE
4804,OL16806416W,LIB-004804,AVAILABLE
4805,OL16806416W,LIB-004805,AVAILABLE
4806,OL16806416W,LIB-004806,AVAILABLE
4807,OL10461185W,LIB-004807,AVAILABLE
4808,OL10461185W,LIB-004808,AVAILABLE
4809,OL10461185W,LIB-004809,AVAILABLE
4810,OL20025232W,LIB-004810,AVAILABLE
4811,OL20025232W,LIB-004811,AVAILABLE
4812,OL20025232W,LIB-004812,AVAILABLE
4813,OL2455829W,LIB-004813,AVAILABLE
4814,OL2455829W,LIB-004814,AVAILABLE
4815,OL2455829W,LIB-004815,AVAILABLE
4816,OL1319418W,LIB-004816,AVAILABLE
4817,OL1319418W,LIB-004817,AVAILABLE
4818,OL1319418W,LIB-004818,AVAILABLE
4819,OL28955975W,LIB-004819,AVAILABLE
4820,OL28955975W,LIB-004820,AVAILABLE
4821,OL28955975W,LIB-004821,AVAILABLE
4822,OL3771064W,LIB-004822,AVAILABLE
4823,OL3771064W,LIB-004823,AVAILABLE
4824,OL3771064W,LIB-004824,AVAILABLE
4825,OL2960639W,LIB-004825,AVAILABLE
4826,OL2960639W,LIB-004826,AVAILABLE
4827,OL2960639W,LIB-004827,AVAILABLE
4828,OL15828515W,LIB-004828,AVAILABLE
4829,OL15828515W,LIB-004829,AVAILABLE
4830,OL15828515W,LIB-004830,AVAILABLE
4831,OL1740783W,LIB-004831,AVAILABLE
4832,OL1740783W,LIB-004832,AVAILABLE
4833,OL1740783W,LIB-004833,AVAILABLE
4834,OL18715742W,LIB-004834,AVAILABLE
4835,OL18715742W,LIB-004835,AVAILABLE
4836,OL18715742W,LIB-004836,AVAILABLE
4837,OL54810W,LIB-004837,AVAILABLE
4838,OL54810W,LIB-004838,AVAILABLE
4839,OL54810W,LIB-004839,AVAILABLE
4840,OL257791W,LIB-004840,AVAILABLE
4841,OL257791W,LIB-004841,AVAILABLE
4842,OL257791W,LIB-004842,AVAILABLE
4843,OL518258W,LIB-004843,AVAILABLE
4844,OL518258W,LIB-004844,AVAILABLE
4845,OL518258W,LIB-004845,AVAILABLE
4846,OL15942682W,LIB-004846,AVAILABLE
4847,OL15942682W,LIB-004847,AVAILABLE
4848,OL15942682W,LIB-004848,AVAILABLE
4849,OL328824W,LIB-004849,AVAILABLE
4850,OL328824W,LIB-004850,AVAILABLE
4851,OL328824W,LIB-004851,AVAILABLE
4852,OL17852712W,LIB-004852,AVAILABLE
4853,OL17852712W,LIB-004853,AVAILABLE
4854,OL17852712W,LIB-004854,AVAILABLE
4855,OL14917748W,LIB-004855,AVAILABLE
4856,OL14917748W,LIB-004856,AVAILABLE
4857,OL14917748W,LIB-004857,AVAILABLE
4858,OL18016709W,LIB-004858,AVAILABLE
4859,OL18016709W,LIB-004859,AVAILABLE
4860,OL18016709W,LIB-004860,AVAILABLE
4861,OL4342701W,LIB-004861,AVAILABLE
4862,OL4342701W,LIB-004862,AVAILABLE
4863,OL4342701W,LIB-004863,AVAILABLE
4864,OL20859335W,LIB-004864,AVAILABLE
4865,OL20859335W,LIB-004865,AVAILABLE
4866,OL20859335W,LIB-004866,AVAILABLE
4867,OL20564687W,LIB-004867,AVAILABLE
4868,OL20564687W,LIB-004868,AVAILABLE
4869,OL20564687W,LIB-004869,AVAILABLE
4870,OL2021953W,LIB-004870,AVAILABLE
4871,OL2021953W,LIB-004871,AVAILABLE
4872,OL2021953W,LIB-004872,AVAILABLE
4873,OL1793135W,LIB-004873,AVAILABLE
4874,OL1793135W,LIB-004874,AVAILABLE
4875,OL1793135W,LIB-004875,AVAILABLE
4876,OL16310814W,LIB-004876,AVAILABLE
4877,OL16310814W,LIB-004877,AVAILABLE
4878,OL16310814W,LIB-004878,AVAILABLE
4879,OL17348681W,LIB-004879,AVAILABLE
4880,OL17348681W,LIB-004880,AVAILABLE
4881,OL17348681W,LIB-004881,AVAILABLE
4882,OL17897265W,LIB-004882,AVAILABLE
4883,OL17897265W,LIB-004883,AVAILABLE
4884,OL17897265W,LIB-004884,AVAILABLE
4885,OL46377W,LIB-004885,AVAILABLE
4886,OL46377W,LIB-004886,AVAILABLE
4887,OL46377W,LIB-004887,AVAILABLE
4888,OL24313919W,LIB-004888,AVAILABLE
4889,OL24313919W,LIB-004889,AVAILABLE
4890,OL24313919W,LIB-004890,AVAILABLE
4891,OL21198836W,LIB-004891,AVAILABLE
4892,OL21198836W,LIB-004892,AVAILABLE
4893,OL21198836W,LIB-004893,AVAILABLE
4894,OL2643054W,LIB-004894,AVAILABLE
4895,OL2643054W,LIB-004895,AVAILABLE
4896,OL2643054W,LIB-004896,AVAILABLE
4897,OL21934181W,LIB-004897,AVAILABLE
4898,OL21934181W,LIB-004898,AVAILABLE
4899,OL21934181W,LIB-004899,AVAILABLE
4900,OL1132870W,LIB-004900,AVAILABLE
4901,OL1132870W,LIB-004901,AVAILABLE
4902,OL1132870W,LIB-004902,AVAILABLE
4903,OL14173W,LIB-004903,AVAILABLE
4904,OL14173W,LIB-004904,AVAILABLE
4905,OL14173W,LIB-004905,AVAILABLE
4906,OL7528865W,LIB-004906,AVAILABLE
4907,OL7528865W,LIB-004907,AVAILABLE
4908,OL7528865W,LIB-004908,AVAILABLE
4909,OL20803418W,LIB-004909,AVAILABLE
4910,OL20803418W,LIB-004910,AVAILABLE
4911,OL20803418W,LIB-004911,AVAILABLE
4912,OL2010436W,LIB-004912,AVAILABLE
4913,OL2010436W,LIB-004913,AVAILABLE
4914,OL2010436W,LIB-004914,AVAILABLE
4915,OL20240344W,LIB-004915,AVAILABLE
4916,OL20240344W,LIB-004916,AVAILABLE
4917,OL20240344W,LIB-004917,AVAILABLE
4918,OL266158W,LIB-004918,AVAILABLE
4919,OL266158W,LIB-004919,AVAILABLE
4920,OL266158W,LIB-004920,AVAILABLE
4921,OL15168364W,LIB-004921,AVAILABLE
4922,OL15168364W,LIB-004922,AVAILABLE
4923,OL15168364W,LIB-004923,AVAILABLE
4924,OL16323923W,LIB-004924,AVAILABLE
4925,OL16323923W,LIB-004925,AVAILABLE
4926,OL16323923W,LIB-004926,AVAILABLE
4927,OL3349951W,LIB-004927,AVAILABLE
4928,OL3349951W,LIB-004928,AVAILABLE
4929,OL3349951W,LIB-004929,AVAILABLE
4930,OL1984583W,LIB-004930,AVAILABLE
4931,OL1984583W,LIB-004931,AVAILABLE
4932,OL1984583W,LIB-004932,AVAILABLE
4933,OL2994088W,LIB-004933,AVAILABLE
4934,OL2994088W,LIB-004934,AVAILABLE
4935,OL2994088W,LIB-004935,AVAILABLE
4936,OL28953746W,LIB-004936,AVAILABLE
4937,OL28953746W,LIB-004937,AVAILABLE
4938,OL28953746W,LIB-004938,AVAILABLE
4939,OL21902691W,LIB-004939,AVAILABLE
4940,OL21902691W,LIB-004940,AVAILABLE
4941,OL21902691W,LIB-004941,AVAILABLE
4942,OL1975714W,LIB-004942,AVAILABLE
4943,OL1975714W,LIB-004943,AVAILABLE
4944,OL1975714W,LIB-004944,AVAILABLE
4945,OL1141874W,LIB-004945,AVAILABLE
4946,OL1141874W,LIB-004946,AVAILABLE
4947,OL1141874W,LIB-004947,AVAILABLE
4948,OL16833236W,LIB-004948,AVAILABLE
4949,OL16833236W,LIB-004949,AVAILABLE
4950,OL16833236W,LIB-004950,AVAILABLE
4951,OL2663963W,LIB-004951,AVAILABLE
4952,OL2663963W,LIB-004952,AVAILABLE
4953,OL2663963W,LIB-004953,AVAILABLE
4954,OL6431320W,LIB-004954,AVAILABLE
4955,OL6431320W,LIB-004955,AVAILABLE
4956,OL6431320W,LIB-004956,AVAILABLE
4957,OL5735343W,LIB-004957,AVAILABLE
4958,OL5735343W,LIB-004958,AVAILABLE
4959,OL5735343W,LIB-004959,AVAILABLE
4960,OL3261153W,LIB-004960,AVAILABLE
4961,OL3261153W,LIB-004961,AVAILABLE
4962,OL3261153W,LIB-004962,AVAILABLE
4963,OL27719056W,LIB-004963,AVAILABLE
4964,OL27719056W,LIB-004964,AVAILABLE
4965,OL27719056W,LIB-004965,AVAILABLE
4966,OL2362116W,LIB-004966,AVAILABLE
4967,OL2362116W,LIB-004967,AVAILABLE
4968,OL2362116W,LIB-004968,AVAILABLE
4969,OL2891095W,LIB-004969,AVAILABLE
4970,OL2891095W,LIB-004970,AVAILABLE
4971,OL2891095W,LIB-004971,AVAILABLE
4972,OL19748577W,LIB-004972,AVAILABLE
4973,OL19748577W,LIB-004973,AVAILABLE
4974,OL19748577W,LIB-004974,AVAILABLE
4975,OL19717563W,LIB-004975,AVAILABLE
4976,OL19717563W,LIB-004976,AVAILABLE
4977,OL19717563W,LIB-004977,AVAILABLE
4978,OL37575890W,LIB-004978,AVAILABLE
4979,OL37575890W,LIB-004979,AVAILABLE
4980,OL37575890W,LIB-004980,AVAILABLE
4981,OL46125W,LIB-004981,AVAILABLE
4982,OL46125W,LIB-004982,AVAILABLE
4983,OL46125W,LIB-004983,AVAILABLE
4984,OL4875453W,LIB-004984,AVAILABLE
4985,OL4875453W,LIB-004985,AVAILABLE
4986,OL4875453W,LIB-004986,AVAILABLE
4987,OL1892618W,LIB-004987,AVAILABLE
4988,OL1892618W,LIB-004988,AVAILABLE
4989,OL1892618W,LIB-004989,AVAILABLE
4990,OL5728238W,LIB-004990,AVAILABLE
4991,OL5728238W,LIB-004991,AVAILABLE
4992,OL5728238W,LIB-004992,AVAILABLE
4993,OL93227W,LIB-004993,AVAILABLE
4994,OL93227W,LIB-004994,AVAILABLE
4995,OL93227W,LIB-004995,AVAILABLE
4996,OL19715138W,LIB-004996,AVAILABLE
4997,OL19715138W,LIB-004997,AVAILABLE
4998,OL19715138W,LIB-004998,AVAILABLE
4999,OL11277322W,LIB-004999,AVAILABLE
5000,OL11277322W,LIB-005000,AVAILABLE
5001,OL11277322W,LIB-005001,AVAILABLE
5002,OL35718516W,LIB-005002,AVAILABLE
5003,OL35718516W,LIB-005003,AVAILABLE
5004,OL35718516W,LIB-005004,AVAILABLE
5005,OL492831W,LIB-005005,AVAILABLE
5006,OL492831W,LIB-005006,AVAILABLE
5007,OL492831W,LIB-005007,AVAILABLE
5008,OL37873W,LIB-005008,AVAILABLE
5009,OL37873W,LIB-005009,AVAILABLE
5010,OL37873W,LIB-005010,AVAILABLE
5011,OL27838518W,LIB-005011,AVAILABLE
5012,OL27838518W,LIB-005012,AVAILABLE
5013,OL27838518W,LIB-005013,AVAILABLE
5014,OL17419991W,LIB-005014,AVAILABLE
5015,OL17419991W,LIB-005015,AVAILABLE
5016,OL17419991W,LIB-005016,AVAILABLE
5017,OL41943074W,LIB-005017,AVAILABLE
5018,OL41943074W,LIB-005018,AVAILABLE
5019,OL41943074W,LIB-005019,AVAILABLE
5020,OL20024798W,LIB-005020,AVAILABLE
5021,OL20024798W,LIB-005021,AVAILABLE
5022,OL20024798W,LIB-005022,AVAILABLE
5023,OL24350123W,LIB-005023,AVAILABLE
5024,OL24350123W,LIB-005024,AVAILABLE
5025,OL24350123W,LIB-005025,AVAILABLE
5026,OL15936512W,LIB-005026,AVAILABLE
5027,OL15936512W,LIB-005027,AVAILABLE
5028,OL15936512W,LIB-005028,AVAILABLE
5029,OL4114540W,LIB-005029,AVAILABLE
5030,OL4114540W,LIB-005030,AVAILABLE
5031,OL4114540W,LIB-005031,AVAILABLE
5032,OL15164554W,LIB-005032,AVAILABLE
5033,OL15164554W,LIB-005033,AVAILABLE
5034,OL15164554W,LIB-005034,AVAILABLE
5035,OL15975350W,LIB-005035,AVAILABLE
5036,OL15975350W,LIB-005036,AVAILABLE
5037,OL15975350W,LIB-005037,AVAILABLE
5038,OL471666W,LIB-005038,AVAILABLE
5039,OL471666W,LIB-005039,AVAILABLE
5040,OL471666W,LIB-005040,AVAILABLE
5041,OL20018811W,LIB-005041,AVAILABLE
5042,OL20018811W,LIB-005042,AVAILABLE
5043,OL20018811W,LIB-005043,AVAILABLE
5044,OL1184991W,LIB-005044,AVAILABLE
5045,OL1184991W,LIB-005045,AVAILABLE
5046,OL1184991W,LIB-005046,AVAILABLE
5047,OL1000643W,LIB-005047,AVAILABLE
5048,OL1000643W,LIB-005048,AVAILABLE
5049,OL1000643W,LIB-005049,AVAILABLE
5050,OL22840884W,LIB-005050,AVAILABLE
5051,OL22840884W,LIB-005051,AVAILABLE
5052,OL22840884W,LIB-005052,AVAILABLE
5053,OL81633W,LIB-005053,AVAILABLE
5054,OL81633W,LIB-005054,AVAILABLE
5055,OL81633W,LIB-005055,AVAILABLE
5056,OL5255136W,LIB-005056,AVAILABLE
5057,OL5255136W,LIB-005057,AVAILABLE
5058,OL5255136W,LIB-005058,AVAILABLE
5059,OL15365550W,LIB-005059,AVAILABLE
5060,OL15365550W,LIB-005060,AVAILABLE
5061,OL15365550W,LIB-005061,AVAILABLE
5062,OL26935W,LIB-005062,AVAILABLE
5063,OL26935W,LIB-005063,AVAILABLE
5064,OL26935W,LIB-005064,AVAILABLE
5065,OL26188644W,LIB-005065,AVAILABLE
5066,OL26188644W,LIB-005066,AVAILABLE
5067,OL26188644W,LIB-005067,AVAILABLE
5068,OL476846W,LIB-005068,AVAILABLE
5069,OL476846W,LIB-005069,AVAILABLE
5070,OL476846W,LIB-005070,AVAILABLE
5071,OL17358368W,LIB-005071,AVAILABLE
5072,OL17358368W,LIB-005072,AVAILABLE
5073,OL17358368W,LIB-005073,AVAILABLE
5074,OL5558230W,LIB-005074,AVAILABLE
5075,OL5558230W,LIB-005075,AVAILABLE
5076,OL5558230W,LIB-005076,AVAILABLE
5077,OL263242W,LIB-005077,AVAILABLE
5078,OL263242W,LIB-005078,AVAILABLE
5079,OL263242W,LIB-005079,AVAILABLE
5080,OL3502177W,LIB-005080,AVAILABLE
5081,OL3502177W,LIB-005081,AVAILABLE
5082,OL3502177W,LIB-005082,AVAILABLE
5083,OL2208650W,LIB-005083,AVAILABLE
5084,OL2208650W,LIB-005084,AVAILABLE
5085,OL2208650W,LIB-005085,AVAILABLE
5086,OL17193442W,LIB-005086,AVAILABLE
5087,OL17193442W,LIB-005087,AVAILABLE
5088,OL17193442W,LIB-005088,AVAILABLE
5089,OL28049777W,LIB-005089,AVAILABLE
5090,OL28049777W,LIB-005090,AVAILABLE
5091,OL28049777W,LIB-005091,AVAILABLE
5092,OL5730765W,LIB-005092,AVAILABLE
5093,OL5730765W,LIB-005093,AVAILABLE
5094,OL5730765W,LIB-005094,AVAILABLE
5095,OL16804561W,LIB-005095,AVAILABLE
5096,OL16804561W,LIB-005096,AVAILABLE
5097,OL16804561W,LIB-005097,AVAILABLE
5098,OL3197054W,LIB-005098,AVAILABLE
5099,OL3197054W,LIB-005099,AVAILABLE
5100,OL3197054W,LIB-005100,AVAILABLE
5101,OL258902W,LIB-005101,AVAILABLE
5102,OL258902W,LIB-005102,AVAILABLE
5103,OL258902W,LIB-005103,AVAILABLE
5104,OL278239W,LIB-005104,AVAILABLE
5105,OL278239W,LIB-005105,AVAILABLE
5106,OL278239W,LIB-005106,AVAILABLE
5107,OL679257W,LIB-005107,AVAILABLE
5108,OL679257W,LIB-005108,AVAILABLE
5109,OL679257W,LIB-005109,AVAILABLE
5110,OL2085972W,LIB-005110,AVAILABLE
5111,OL2085972W,LIB-005111,AVAILABLE
5112,OL2085972W,LIB-005112,AVAILABLE
5113,OL3928207W,LIB-005113,AVAILABLE
5114,OL3928207W,LIB-005114,AVAILABLE
5115,OL3928207W,LIB-005115,AVAILABLE
5116,OL1913516W,LIB-005116,AVAILABLE
5117,OL1913516W,LIB-005117,AVAILABLE
5118,OL1913516W,LIB-005118,AVAILABLE
5119,OL10419081W,LIB-005119,AVAILABLE
5120,OL10419081W,LIB-005120,AVAILABLE
5121,OL10419081W,LIB-005121,AVAILABLE
5122,OL20036652W,LIB-005122,AVAILABLE
5123,OL20036652W,LIB-005123,AVAILABLE
5124,OL20036652W,LIB-005124,AVAILABLE
5125,OL64225W,LIB-005125,AVAILABLE
5126,OL64225W,LIB-005126,AVAILABLE
5127,OL64225W,LIB-005127,AVAILABLE
5128,OL3261142W,LIB-005128,AVAILABLE
5129,OL3261142W,LIB-005129,AVAILABLE
5130,OL3261142W,LIB-005130,AVAILABLE
5131,OL1298726W,LIB-005131,AVAILABLE
5132,OL1298726W,LIB-005132,AVAILABLE
5133,OL1298726W,LIB-005133,AVAILABLE
5134,OL25337698W,LIB-005134,AVAILABLE
5135,OL25337698W,LIB-005135,AVAILABLE
5136,OL25337698W,LIB-005136,AVAILABLE
5137,OL445897W,LIB-005137,AVAILABLE
5138,OL445897W,LIB-005138,AVAILABLE
5139,OL445897W,LIB-005139,AVAILABLE
5140,OL2392324W,LIB-005140,AVAILABLE
5141,OL2392324W,LIB-005141,AVAILABLE
5142,OL2392324W,LIB-005142,AVAILABLE
5143,OL1142289W,LIB-005143,AVAILABLE
5144,OL1142289W,LIB-005144,AVAILABLE
5145,OL1142289W,LIB-005145,AVAILABLE
5146,OL5731542W,LIB-005146,AVAILABLE
5147,OL5731542W,LIB-005147,AVAILABLE
5148,OL5731542W,LIB-005148,AVAILABLE
5149,OL17863444W,LIB-005149,AVAILABLE
5150,OL17863444W,LIB-005150,AVAILABLE
5151,OL17863444W,LIB-005151,AVAILABLE
5152,OL265415W,LIB-005152,AVAILABLE
5153,OL265415W,LIB-005153,AVAILABLE
5154,OL265415W,LIB-005154,AVAILABLE
5155,OL4973904W,LIB-005155,AVAILABLE
5156,OL4973904W,LIB-005156,AVAILABLE
5157,OL4973904W,LIB-005157,AVAILABLE
5158,OL816416W,LIB-005158,AVAILABLE
5159,OL816416W,LIB-005159,AVAILABLE
5160,OL816416W,LIB-005160,AVAILABLE
5161,OL5110680W,LIB-005161,AVAILABLE
5162,OL5110680W,LIB-005162,AVAILABLE
5163,OL5110680W,LIB-005163,AVAILABLE
5164,OL1133699W,LIB-005164,AVAILABLE
5165,OL1133699W,LIB-005165,AVAILABLE
5166,OL1133699W,LIB-005166,AVAILABLE
5167,OL26239302W,LIB-005167,AVAILABLE
5168,OL26239302W,LIB-005168,AVAILABLE
5169,OL26239302W,LIB-005169,AVAILABLE
5170,OL1298151W,LIB-005170,AVAILABLE
5171,OL1298151W,LIB-005171,AVAILABLE
5172,OL1298151W,LIB-005172,AVAILABLE
5173,OL492843W,LIB-005173,AVAILABLE
5174,OL492843W,LIB-005174,AVAILABLE
5175,OL492843W,LIB-005175,AVAILABLE
5176,OL14165W,LIB-005176,AVAILABLE
5177,OL14165W,LIB-005177,AVAILABLE
5178,OL14165W,LIB-005178,AVAILABLE
5179,OL1914022W,LIB-005179,AVAILABLE
5180,OL1914022W,LIB-005180,AVAILABLE
5181,OL1914022W,LIB-005181,AVAILABLE
5182,OL1982449W,LIB-005182,AVAILABLE
5183,OL1982449W,LIB-005183,AVAILABLE
5184,OL1982449W,LIB-005184,AVAILABLE
5185,OL1366626W,LIB-005185,AVAILABLE
5186,OL1366626W,LIB-005186,AVAILABLE
5187,OL1366626W,LIB-005187,AVAILABLE
5188,OL453686W,LIB-005188,AVAILABLE
5189,OL453686W,LIB-005189,AVAILABLE
5190,OL453686W,LIB-005190,AVAILABLE
5191,OL24515094W,LIB-005191,AVAILABLE
5192,OL24515094W,LIB-005192,AVAILABLE
5193,OL24515094W,LIB-005193,AVAILABLE
5194,OL27092839W,LIB-005194,AVAILABLE
5195,OL27092839W,LIB-005195,AVAILABLE
5196,OL27092839W,LIB-005196,AVAILABLE
5197,OL275915W,LIB-005197,AVAILABLE
5198,OL275915W,LIB-005198,AVAILABLE
5199,OL275915W,LIB-005199,AVAILABLE
5200,OL2139840W,LIB-005200,AVAILABLE
5201,OL2139840W,LIB-005201,AVAILABLE
5202,OL2139840W,LIB-005202,AVAILABLE
5203,OL20736827W,LIB-005203,AVAILABLE
5204,OL20736827W,LIB-005204,AVAILABLE
5205,OL20736827W,LIB-005205,AVAILABLE
5206,OL8315359W,LIB-005206,AVAILABLE
5207,OL8315359W,LIB-005207,AVAILABLE
5208,OL8315359W,LIB-005208,AVAILABLE
5209,OL19986537W,LIB-005209,AVAILABLE
5210,OL19986537W,LIB-005210,AVAILABLE
5211,OL19986537W,LIB-005211,AVAILABLE
5212,OL17788259W,LIB-005212,AVAILABLE
5213,OL17788259W,LIB-005213,AVAILABLE
5214,OL17788259W,LIB-005214,AVAILABLE
5215,OL2859670W,LIB-005215,AVAILABLE
5216,OL2859670W,LIB-005216,AVAILABLE
5217,OL2859670W,LIB-005217,AVAILABLE
5218,OL2689125W,LIB-005218,AVAILABLE
5219,OL2689125W,LIB-005219,AVAILABLE
5220,OL2689125W,LIB-005220,AVAILABLE
5221,OL34330474W,LIB-005221,AVAILABLE
5222,OL34330474W,LIB-005222,AVAILABLE
5223,OL34330474W,LIB-005223,AVAILABLE
5224,OL4800123W,LIB-005224,AVAILABLE
5225,OL4800123W,LIB-005225,AVAILABLE
5226,OL4800123W,LIB-005226,AVAILABLE
5227,OL17410271W,LIB-005227,AVAILABLE
5228,OL17410271W,LIB-005228,AVAILABLE
5229,OL17410271W,LIB-005229,AVAILABLE
5230,OL16937042W,LIB-005230,AVAILABLE
5231,OL16937042W,LIB-005231,AVAILABLE
5232,OL16937042W,LIB-005232,AVAILABLE
5233,OL2172454W,LIB-005233,AVAILABLE
5234,OL2172454W,LIB-005234,AVAILABLE
5235,OL2172454W,LIB-005235,AVAILABLE
5236,OL20249569W,LIB-005236,AVAILABLE
5237,OL20249569W,LIB-005237,AVAILABLE
5238,OL20249569W,LIB-005238,AVAILABLE
5239,OL8378245W,LIB-005239,AVAILABLE
5240,OL8378245W,LIB-005240,AVAILABLE
5241,OL8378245W,LIB-005241,AVAILABLE
5242,OL17352669W,LIB-005242,AVAILABLE
5243,OL17352669W,LIB-005243,AVAILABLE
5244,OL17352669W,LIB-005244,AVAILABLE
5245,OL55806W,LIB-005245,AVAILABLE
5246,OL55806W,LIB-005246,AVAILABLE
5247,OL55806W,LIB-005247,AVAILABLE
5248,OL42830484W,LIB-005248,AVAILABLE
5249,OL42830484W,LIB-005249,AVAILABLE
5250,OL42830484W,LIB-005250,AVAILABLE
5251,OL109213W,LIB-005251,AVAILABLE
5252,OL109213W,LIB-005252,AVAILABLE
5253,OL109213W,LIB-005253,AVAILABLE
5254,OL79159W,LIB-005254,AVAILABLE
5255,OL79159W,LIB-005255,AVAILABLE
5256,OL79159W,LIB-005256,AVAILABLE
5257,OL81607W,LIB-005257,AVAILABLE
5258,OL81607W,LIB-005258,AVAILABLE
5259,OL81607W,LIB-005259,AVAILABLE
5260,OL8400950W,LIB-005260,AVAILABLE
5261,OL8400950W,LIB-005261,AVAILABLE
5262,OL8400950W,LIB-005262,AVAILABLE
5263,OL52864W,LIB-005263,AVAILABLE
5264,OL52864W,LIB-005264,AVAILABLE
5265,OL52864W,LIB-005265,AVAILABLE
5266,OL3476046W,LIB-005266,AVAILABLE
5267,OL3476046W,LIB-005267,AVAILABLE
5268,OL3476046W,LIB-005268,AVAILABLE
5269,OL17357353W,LIB-005269,AVAILABLE
5270,OL17357353W,LIB-005270,AVAILABLE
5271,OL17357353W,LIB-005271,AVAILABLE
5272,OL15854712W,LIB-005272,AVAILABLE
5273,OL15854712W,LIB-005273,AVAILABLE
5274,OL15854712W,LIB-005274,AVAILABLE
5275,OL65897W,LIB-005275,AVAILABLE
5276,OL65897W,LIB-005276,AVAILABLE
5277,OL65897W,LIB-005277,AVAILABLE
5278,OL4262061W,LIB-005278,AVAILABLE
5279,OL4262061W,LIB-005279,AVAILABLE
5280,OL4262061W,LIB-005280,AVAILABLE
5281,OL8247653W,LIB-005281,AVAILABLE
5282,OL8247653W,LIB-005282,AVAILABLE
5283,OL8247653W,LIB-005283,AVAILABLE
5284,OL20044535W,LIB-005284,AVAILABLE
5285,OL20044535W,LIB-005285,AVAILABLE
5286,OL20044535W,LIB-005286,AVAILABLE
5287,OL19541997W,LIB-005287,AVAILABLE
5288,OL19541997W,LIB-005288,AVAILABLE
5289,OL19541997W,LIB-005289,AVAILABLE
5290,OL4215956W,LIB-005290,AVAILABLE
5291,OL4215956W,LIB-005291,AVAILABLE
5292,OL4215956W,LIB-005292,AVAILABLE
5293,OL15284605W,LIB-005293,AVAILABLE
5294,OL15284605W,LIB-005294,AVAILABLE
5295,OL15284605W,LIB-005295,AVAILABLE
5296,OL662499W,LIB-005296,AVAILABLE
5297,OL662499W,LIB-005297,AVAILABLE
5298,OL662499W,LIB-005298,AVAILABLE
5299,OL3524935W,LIB-005299,AVAILABLE
5300,OL3524935W,LIB-005300,AVAILABLE
5301,OL3524935W,LIB-005301,AVAILABLE
5302,OL20834861W,LIB-005302,AVAILABLE
5303,OL20834861W,LIB-005303,AVAILABLE
5304,OL20834861W,LIB-005304,AVAILABLE
5305,OL3242067W,LIB-005305,AVAILABLE
5306,OL3242067W,LIB-005306,AVAILABLE
5307,OL3242067W,LIB-005307,AVAILABLE
5308,OL2693096W,LIB-005308,AVAILABLE
5309,OL2693096W,LIB-005309,AVAILABLE
5310,OL2693096W,LIB-005310,AVAILABLE
5311,OL4242154W,LIB-005311,AVAILABLE
5312,OL4242154W,LIB-005312,AVAILABLE
5313,OL4242154W,LIB-005313,AVAILABLE
5314,OL8206804W,LIB-005314,AVAILABLE
5315,OL8206804W,LIB-005315,AVAILABLE
5316,OL8206804W,LIB-005316,AVAILABLE
5317,OL16314245W,LIB-005317,AVAILABLE
5318,OL16314245W,LIB-005318,AVAILABLE
5319,OL16314245W,LIB-005319,AVAILABLE
5320,OL25756067W,LIB-005320,AVAILABLE
5321,OL25756067W,LIB-005321,AVAILABLE
5322,OL25756067W,LIB-005322,AVAILABLE
5323,OL76588W,LIB-005323,AVAILABLE
5324,OL76588W,LIB-005324,AVAILABLE
5325,OL76588W,LIB-005325,AVAILABLE
5326,OL5599445W,LIB-005326,AVAILABLE
5327,OL5599445W,LIB-005327,AVAILABLE
5328,OL5599445W,LIB-005328,AVAILABLE
5329,OL167155W,LIB-005329,AVAILABLE
5330,OL167155W,LIB-005330,AVAILABLE
5331,OL167155W,LIB-005331,AVAILABLE
5332,OL19711093W,LIB-005332,AVAILABLE
5333,OL19711093W,LIB-005333,AVAILABLE
5334,OL19711093W,LIB-005334,AVAILABLE
5335,OL6941341W,LIB-005335,AVAILABLE
5336,OL6941341W,LIB-005336,AVAILABLE
5337,OL6941341W,LIB-005337,AVAILABLE
5338,OL17716925W,LIB-005338,AVAILABLE
5339,OL17716925W,LIB-005339,AVAILABLE
5340,OL17716925W,LIB-005340,AVAILABLE
5341,OL19981570W,LIB-005341,AVAILABLE
5342,OL19981570W,LIB-005342,AVAILABLE
5343,OL19981570W,LIB-005343,AVAILABLE
5344,OL4903207W,LIB-005344,AVAILABLE
5345,OL4903207W,LIB-005345,AVAILABLE
5346,OL4903207W,LIB-005346,AVAILABLE
5347,OL2717743W,LIB-005347,AVAILABLE
5348,OL2717743W,LIB-005348,AVAILABLE
5349,OL2717743W,LIB-005349,AVAILABLE
5350,OL17722466W,LIB-005350,AVAILABLE
5351,OL17722466W,LIB-005351,AVAILABLE
5352,OL17722466W,LIB-005352,AVAILABLE
5353,OL1855944W,LIB-005353,AVAILABLE
5354,OL1855944W,LIB-005354,AVAILABLE
5355,OL1855944W,LIB-005355,AVAILABLE
5356,OL1753945W,LIB-005356,AVAILABLE
5357,OL1753945W,LIB-005357,AVAILABLE
5358,OL1753945W,LIB-005358,AVAILABLE
5359,OL3407905W,LIB-005359,AVAILABLE
5360,OL3407905W,LIB-005360,AVAILABLE
5361,OL3407905W,LIB-005361,AVAILABLE
5362,OL471932W,LIB-005362,AVAILABLE
5363,OL471932W,LIB-005363,AVAILABLE
5364,OL471932W,LIB-005364,AVAILABLE
5365,OL5279907W,LIB-005365,AVAILABLE
5366,OL5279907W,LIB-005366,AVAILABLE
5367,OL5279907W,LIB-005367,AVAILABLE
5368,OL2928014W,LIB-005368,AVAILABLE
5369,OL2928014W,LIB-005369,AVAILABLE
5370,OL2928014W,LIB-005370,AVAILABLE
5371,OL2205288W,LIB-005371,AVAILABLE
5372,OL2205288W,LIB-005372,AVAILABLE
5373,OL2205288W,LIB-005373,AVAILABLE
5374,OL166497W,LIB-005374,AVAILABLE
5375,OL166497W,LIB-005375,AVAILABLE
5376,OL166497W,LIB-005376,AVAILABLE
5377,OL2666682W,LIB-005377,AVAILABLE
5378,OL2666682W,LIB-005378,AVAILABLE
5379,OL2666682W,LIB-005379,AVAILABLE
5380,OL3479951W,LIB-005380,AVAILABLE
5381,OL3479951W,LIB-005381,AVAILABLE
5382,OL3479951W,LIB-005382,AVAILABLE
5383,OL20158477W,LIB-005383,AVAILABLE
5384,OL20158477W,LIB-005384,AVAILABLE
5385,OL20158477W,LIB-005385,AVAILABLE
5386,OL16489931W,LIB-005386,AVAILABLE
5387,OL16489931W,LIB-005387,AVAILABLE
5388,OL16489931W,LIB-005388,AVAILABLE
5389,OL3368666W,LIB-005389,AVAILABLE
5390,OL3368666W,LIB-005390,AVAILABLE
5391,OL3368666W,LIB-005391,AVAILABLE
5392,OL15183855W,LIB-005392,AVAILABLE
5393,OL15183855W,LIB-005393,AVAILABLE
5394,OL15183855W,LIB-005394,AVAILABLE
5395,OL453907W,LIB-005395,AVAILABLE
5396,OL453907W,LIB-005396,AVAILABLE
5397,OL453907W,LIB-005397,AVAILABLE
5398,OL1926995W,LIB-005398,AVAILABLE
5399,OL1926995W,LIB-005399,AVAILABLE
5400,OL1926995W,LIB-005400,AVAILABLE
5401,OL1230715W,LIB-005401,AVAILABLE
5402,OL1230715W,LIB-005402,AVAILABLE
5403,OL1230715W,LIB-005403,AVAILABLE
5404,OL1904074W,LIB-005404,AVAILABLE
5405,OL1904074W,LIB-005405,AVAILABLE
5406,OL1904074W,LIB-005406,AVAILABLE
5407,OL81619W,LIB-005407,AVAILABLE
5408,OL81619W,LIB-005408,AVAILABLE
5409,OL81619W,LIB-005409,AVAILABLE
5410,OL3531492W,LIB-005410,AVAILABLE
5411,OL3531492W,LIB-005411,AVAILABLE
5412,OL3531492W,LIB-005412,AVAILABLE
5413,OL1853753W,LIB-005413,AVAILABLE
5414,OL1853753W,LIB-005414,AVAILABLE
5415,OL1853753W,LIB-005415,AVAILABLE
5416,OL16473021W,LIB-005416,AVAILABLE
5417,OL16473021W,LIB-005417,AVAILABLE
5418,OL16473021W,LIB-005418,AVAILABLE
5419,OL464829W,LIB-005419,AVAILABLE
5420,OL464829W,LIB-005420,AVAILABLE
5421,OL464829W,LIB-005421,AVAILABLE
5422,OL19656362W,LIB-005422,AVAILABLE
5423,OL19656362W,LIB-005423,AVAILABLE
5424,OL19656362W,LIB-005424,AVAILABLE
5425,OL1000821W,LIB-005425,AVAILABLE
5426,OL1000821W,LIB-005426,AVAILABLE
5427,OL1000821W,LIB-005427,AVAILABLE
5428,OL749213W,LIB-005428,AVAILABLE
5429,OL749213W,LIB-005429,AVAILABLE
5430,OL749213W,LIB-005430,AVAILABLE
5431,OL21691171W,LIB-005431,AVAILABLE
5432,OL21691171W,LIB-005432,AVAILABLE
5433,OL21691171W,LIB-005433,AVAILABLE
5434,OL18766691W,LIB-005434,AVAILABLE
5435,OL18766691W,LIB-005435,AVAILABLE
5436,OL18766691W,LIB-005436,AVAILABLE
5437,OL16011107W,LIB-005437,AVAILABLE
5438,OL16011107W,LIB-005438,AVAILABLE
5439,OL16011107W,LIB-005439,AVAILABLE
5440,OL8088829W,LIB-005440,AVAILABLE
5441,OL8088829W,LIB-005441,AVAILABLE
5442,OL8088829W,LIB-005442,AVAILABLE
5443,OL961860W,LIB-005443,AVAILABLE
5444,OL961860W,LIB-005444,AVAILABLE
5445,OL961860W,LIB-005445,AVAILABLE
5446,OL3335290W,LIB-005446,AVAILABLE
5447,OL3335290W,LIB-005447,AVAILABLE
5448,OL3335290W,LIB-005448,AVAILABLE
5449,OL99157W,LIB-005449,AVAILABLE
5450,OL99157W,LIB-005450,AVAILABLE
5451,OL99157W,LIB-005451,AVAILABLE
5452,OL13716951W,LIB-005452,AVAILABLE
5453,OL13716951W,LIB-005453,AVAILABLE
5454,OL13716951W,LIB-005454,AVAILABLE
5455,OL496151W,LIB-005455,AVAILABLE
5456,OL496151W,LIB-005456,AVAILABLE
5457,OL496151W,LIB-005457,AVAILABLE
5458,OL2701044W,LIB-005458,AVAILABLE
5459,OL2701044W,LIB-005459,AVAILABLE
5460,OL2701044W,LIB-005460,AVAILABLE
5461,OL41081W,LIB-005461,AVAILABLE
5462,OL41081W,LIB-005462,AVAILABLE
5463,OL41081W,LIB-005463,AVAILABLE
5464,OL19671166W,LIB-005464,AVAILABLE
5465,OL19671166W,LIB-005465,AVAILABLE
5466,OL19671166W,LIB-005466,AVAILABLE
5467,OL5850314W,LIB-005467,AVAILABLE
5468,OL5850314W,LIB-005468,AVAILABLE
5469,OL5850314W,LIB-005469,AVAILABLE
5470,OL3947083W,LIB-005470,AVAILABLE
5471,OL3947083W,LIB-005471,AVAILABLE
5472,OL3947083W,LIB-005472,AVAILABLE
5473,OL25640149W,LIB-005473,AVAILABLE
5474,OL25640149W,LIB-005474,AVAILABLE
5475,OL25640149W,LIB-005475,AVAILABLE
5476,OL16567384W,LIB-005476,AVAILABLE
5477,OL16567384W,LIB-005477,AVAILABLE
5478,OL16567384W,LIB-005478,AVAILABLE
5479,OL15457677W,LIB-005479,AVAILABLE
5480,OL15457677W,LIB-005480,AVAILABLE
5481,OL15457677W,LIB-005481,AVAILABLE
5482,OL3504594W,LIB-005482,AVAILABLE
5483,OL3504594W,LIB-005483,AVAILABLE
5484,OL3504594W,LIB-005484,AVAILABLE
5485,OL19090034W,LIB-005485,AVAILABLE
5486,OL19090034W,LIB-005486,AVAILABLE
5487,OL19090034W,LIB-005487,AVAILABLE
5488,OL15450151W,LIB-005488,AVAILABLE
5489,OL15450151W,LIB-005489,AVAILABLE
5490,OL15450151W,LIB-005490,AVAILABLE
5491,OL3171086W,LIB-005491,AVAILABLE
5492,OL3171086W,LIB-005492,AVAILABLE
5493,OL3171086W,LIB-005493,AVAILABLE
5494,OL3775397W,LIB-005494,AVAILABLE
5495,OL3775397W,LIB-005495,AVAILABLE
5496,OL3775397W,LIB-005496,AVAILABLE
5497,OL166952W,LIB-005497,AVAILABLE
5498,OL166952W,LIB-005498,AVAILABLE
5499,OL166952W,LIB-005499,AVAILABLE
5500,OL19348985W,LIB-005500,AVAILABLE
5501,OL19348985W,LIB-005501,AVAILABLE
5502,OL19348985W,LIB-005502,AVAILABLE
5503,OL1172803W,LIB-005503,AVAILABLE
5504,OL1172803W,LIB-005504,AVAILABLE
5505,OL1172803W,LIB-005505,AVAILABLE
5506,OL1944250W,LIB-005506,AVAILABLE
5507,OL1944250W,LIB-005507,AVAILABLE
5508,OL1944250W,LIB-005508,AVAILABLE
5509,OL262452W,LIB-005509,AVAILABLE
5510,OL262452W,LIB-005510,AVAILABLE
5511,OL262452W,LIB-005511,AVAILABLE
5512,OL471664W,LIB-005512,AVAILABLE
5513,OL471664W,LIB-005513,AVAILABLE
5514,OL471664W,LIB-005514,AVAILABLE
5515,OL20856435W,LIB-005515,AVAILABLE
5516,OL20856435W,LIB-005516,AVAILABLE
5517,OL20856435W,LIB-005517,AVAILABLE
5518,OL10420684W,LIB-005518,AVAILABLE
5519,OL10420684W,LIB-005519,AVAILABLE
5520,OL10420684W,LIB-005520,AVAILABLE
5521,OL19141752W,LIB-005521,AVAILABLE
5522,OL19141752W,LIB-005522,AVAILABLE
5523,OL19141752W,LIB-005523,AVAILABLE
5524,OL17619932W,LIB-005524,AVAILABLE
5525,OL17619932W,LIB-005525,AVAILABLE
5526,OL17619932W,LIB-005526,AVAILABLE
5527,OL3259514W,LIB-005527,AVAILABLE
5528,OL3259514W,LIB-005528,AVAILABLE
5529,OL3259514W,LIB-005529,AVAILABLE
5530,OL14853035W,LIB-005530,AVAILABLE
5531,OL14853035W,LIB-005531,AVAILABLE
5532,OL14853035W,LIB-005532,AVAILABLE
5533,OL14170W,LIB-005533,AVAILABLE
5534,OL14170W,LIB-005534,AVAILABLE
5535,OL14170W,LIB-005535,AVAILABLE
5536,OL547741W,LIB-005536,AVAILABLE
5537,OL547741W,LIB-005537,AVAILABLE
5538,OL547741W,LIB-005538,AVAILABLE
5539,OL19954575W,LIB-005539,AVAILABLE
5540,OL19954575W,LIB-005540,AVAILABLE
5541,OL19954575W,LIB-005541,AVAILABLE
5542,OL20248394W,LIB-005542,AVAILABLE
5543,OL20248394W,LIB-005543,AVAILABLE
5544,OL20248394W,LIB-005544,AVAILABLE
5545,OL4569830W,LIB-005545,AVAILABLE
5546,OL4569830W,LIB-005546,AVAILABLE
5547,OL4569830W,LIB-005547,AVAILABLE
5548,OL6434330W,LIB-005548,AVAILABLE
5549,OL6434330W,LIB-005549,AVAILABLE
5550,OL6434330W,LIB-005550,AVAILABLE
5551,OL20816321W,LIB-005551,AVAILABLE
5552,OL20816321W,LIB-005552,AVAILABLE
5553,OL20816321W,LIB-005553,AVAILABLE
5554,OL4102322W,LIB-005554,AVAILABLE
5555,OL4102322W,LIB-005555,AVAILABLE
5556,OL4102322W,LIB-005556,AVAILABLE
5557,OL31388195W,LIB-005557,AVAILABLE
5558,OL31388195W,LIB-005558,AVAILABLE
5559,OL31388195W,LIB-005559,AVAILABLE
5560,OL7943607W,LIB-005560,AVAILABLE
5561,OL7943607W,LIB-005561,AVAILABLE
5562,OL7943607W,LIB-005562,AVAILABLE
5563,OL158104W,LIB-005563,AVAILABLE
5564,OL158104W,LIB-005564,AVAILABLE
5565,OL158104W,LIB-005565,AVAILABLE
5566,OL19754878W,LIB-005566,AVAILABLE
5567,OL19754878W,LIB-005567,AVAILABLE
5568,OL19754878W,LIB-005568,AVAILABLE
5569,OL4092688W,LIB-005569,AVAILABLE
5570,OL4092688W,LIB-005570,AVAILABLE
5571,OL4092688W,LIB-005571,AVAILABLE
5572,OL11327666W,LIB-005572,AVAILABLE
5573,OL11327666W,LIB-005573,AVAILABLE
5574,OL11327666W,LIB-005574,AVAILABLE
5575,OL3294778W,LIB-005575,AVAILABLE
5576,OL3294778W,LIB-005576,AVAILABLE
5577,OL3294778W,LIB-005577,AVAILABLE
5578,OL24161844W,LIB-005578,AVAILABLE
5579,OL24161844W,LIB-005579,AVAILABLE
5580,OL24161844W,LIB-005580,AVAILABLE
5581,OL10834W,LIB-005581,AVAILABLE
5582,OL10834W,LIB-005582,AVAILABLE
5583,OL10834W,LIB-005583,AVAILABLE
5584,OL19856171W,LIB-005584,AVAILABLE
5585,OL19856171W,LIB-005585,AVAILABLE
5586,OL19856171W,LIB-005586,AVAILABLE
5587,OL103128W,LIB-005587,AVAILABLE
5588,OL103128W,LIB-005588,AVAILABLE
5589,OL103128W,LIB-005589,AVAILABLE
5590,OL2978331W,LIB-005590,AVAILABLE
5591,OL2978331W,LIB-005591,AVAILABLE
5592,OL2978331W,LIB-005592,AVAILABLE
5593,OL5730767W,LIB-005593,AVAILABLE
5594,OL5730767W,LIB-005594,AVAILABLE
5595,OL5730767W,LIB-005595,AVAILABLE
5596,OL5233130W,LIB-005596,AVAILABLE
5597,OL5233130W,LIB-005597,AVAILABLE
5598,OL5233130W,LIB-005598,AVAILABLE
5599,OL12176120W,LIB-005599,AVAILABLE
5600,OL12176120W,LIB-005600,AVAILABLE
5601,OL12176120W,LIB-005601,AVAILABLE
5602,OL15137380W,LIB-005602,AVAILABLE
5603,OL15137380W,LIB-005603,AVAILABLE
5604,OL15137380W,LIB-005604,AVAILABLE
5605,OL18012166W,LIB-005605,AVAILABLE
5606,OL18012166W,LIB-005606,AVAILABLE
5607,OL18012166W,LIB-005607,AVAILABLE
5608,OL28761960W,LIB-005608,AVAILABLE
5609,OL28761960W,LIB-005609,AVAILABLE
5610,OL28761960W,LIB-005610,AVAILABLE
5611,OL457864W,LIB-005611,AVAILABLE
5612,OL457864W,LIB-005612,AVAILABLE
5613,OL457864W,LIB-005613,AVAILABLE
5614,OL17357767W,LIB-005614,AVAILABLE
5615,OL17357767W,LIB-005615,AVAILABLE
5616,OL17357767W,LIB-005616,AVAILABLE
5617,OL8514692W,LIB-005617,AVAILABLE
5618,OL8514692W,LIB-005618,AVAILABLE
5619,OL8514692W,LIB-005619,AVAILABLE
5620,OL72336W,LIB-005620,AVAILABLE
5621,OL72336W,LIB-005621,AVAILABLE
5622,OL72336W,LIB-005622,AVAILABLE
5623,OL9274216W,LIB-005623,AVAILABLE
5624,OL9274216W,LIB-005624,AVAILABLE
5625,OL9274216W,LIB-005625,AVAILABLE
5626,OL2638922W,LIB-005626,AVAILABLE
5627,OL2638922W,LIB-005627,AVAILABLE
5628,OL2638922W,LIB-005628,AVAILABLE
5629,OL5280134W,LIB-005629,AVAILABLE
5630,OL5280134W,LIB-005630,AVAILABLE
5631,OL5280134W,LIB-005631,AVAILABLE
5632,OL44984294W,LIB-005632,AVAILABLE
5633,OL44984294W,LIB-005633,AVAILABLE
5634,OL44984294W,LIB-005634,AVAILABLE
5635,OL4686256W,LIB-005635,AVAILABLE
5636,OL4686256W,LIB-005636,AVAILABLE
5637,OL4686256W,LIB-005637,AVAILABLE
5638,OL4314147W,LIB-005638,AVAILABLE
5639,OL4314147W,LIB-005639,AVAILABLE
5640,OL4314147W,LIB-005640,AVAILABLE
5641,OL19974579W,LIB-005641,AVAILABLE
5642,OL19974579W,LIB-005642,AVAILABLE
5643,OL19974579W,LIB-005643,AVAILABLE
5644,OL2550883W,LIB-005644,AVAILABLE
5645,OL2550883W,LIB-005645,AVAILABLE
5646,OL2550883W,LIB-005646,AVAILABLE
5647,OL14924461W,LIB-005647,AVAILABLE
5648,OL14924461W,LIB-005648,AVAILABLE
5649,OL14924461W,LIB-005649,AVAILABLE
5650,OL17136420W,LIB-005650,AVAILABLE
5651,OL17136420W,LIB-005651,AVAILABLE
5652,OL17136420W,LIB-005652,AVAILABLE
5653,OL1899694W,LIB-005653,AVAILABLE
5654,OL1899694W,LIB-005654,AVAILABLE
5655,OL1899694W,LIB-005655,AVAILABLE
5656,OL29237702W,LIB-005656,AVAILABLE
5657,OL29237702W,LIB-005657,AVAILABLE
5658,OL29237702W,LIB-005658,AVAILABLE
5659,OL474061W,LIB-005659,AVAILABLE
5660,OL474061W,LIB-005660,AVAILABLE
5661,OL474061W,LIB-005661,AVAILABLE
5662,OL2933875W,LIB-005662,AVAILABLE
5663,OL2933875W,LIB-005663,AVAILABLE
5664,OL2933875W,LIB-005664,AVAILABLE
5665,OL81617W,LIB-005665,AVAILABLE
5666,OL81617W,LIB-005666,AVAILABLE
5667,OL81617W,LIB-005667,AVAILABLE
5668,OL4273162W,LIB-005668,AVAILABLE
5669,OL4273162W,LIB-005669,AVAILABLE
5670,OL4273162W,LIB-005670,AVAILABLE
5671,OL5942765W,LIB-005671,AVAILABLE
5672,OL5942765W,LIB-005672,AVAILABLE
5673,OL5942765W,LIB-005673,AVAILABLE
5674,OL5961774W,LIB-005674,AVAILABLE
5675,OL5961774W,LIB-005675,AVAILABLE
5676,OL5961774W,LIB-005676,AVAILABLE
5677,OL29330646W,LIB-005677,AVAILABLE
5678,OL29330646W,LIB-005678,AVAILABLE
5679,OL29330646W,LIB-005679,AVAILABLE
5680,OL51831W,LIB-005680,AVAILABLE
5681,OL51831W,LIB-005681,AVAILABLE
5682,OL51831W,LIB-005682,AVAILABLE
5683,OL27729743W,LIB-005683,AVAILABLE
5684,OL27729743W,LIB-005684,AVAILABLE
5685,OL27729743W,LIB-005685,AVAILABLE
5686,OL210007W,LIB-005686,AVAILABLE
5687,OL210007W,LIB-005687,AVAILABLE
5688,OL210007W,LIB-005688,AVAILABLE
5689,OL1317211W,LIB-005689,AVAILABLE
5690,OL1317211W,LIB-005690,AVAILABLE
5691,OL1317211W,LIB-005691,AVAILABLE
5692,OL2966537W,LIB-005692,AVAILABLE
5693,OL2966537W,LIB-005693,AVAILABLE
5694,OL2966537W,LIB-005694,AVAILABLE
5695,OL1210514W,LIB-005695,AVAILABLE
5696,OL1210514W,LIB-005696,AVAILABLE
5697,OL1210514W,LIB-005697,AVAILABLE
5698,OL16699665W,LIB-005698,AVAILABLE
5699,OL16699665W,LIB-005699,AVAILABLE
5700,OL16699665W,LIB-005700,AVAILABLE
5701,OL10526879W,LIB-005701,AVAILABLE
5702,OL10526879W,LIB-005702,AVAILABLE
5703,OL10526879W,LIB-005703,AVAILABLE
5704,OL1917126W,LIB-005704,AVAILABLE
5705,OL1917126W,LIB-005705,AVAILABLE
5706,OL1917126W,LIB-005706,AVAILABLE
5707,OL21622976W,LIB-005707,AVAILABLE
5708,OL21622976W,LIB-005708,AVAILABLE
5709,OL21622976W,LIB-005709,AVAILABLE
5710,OL3537356W,LIB-005710,AVAILABLE
5711,OL3537356W,LIB-005711,AVAILABLE
5712,OL3537356W,LIB-005712,AVAILABLE
5713,OL20004267W,LIB-005713,AVAILABLE
5714,OL20004267W,LIB-005714,AVAILABLE
5715,OL20004267W,LIB-005715,AVAILABLE
5716,OL4125663W,LIB-005716,AVAILABLE
5717,OL4125663W,LIB-005717,AVAILABLE
5718,OL4125663W,LIB-005718,AVAILABLE
5719,OL106293W,LIB-005719,AVAILABLE
5720,OL106293W,LIB-005720,AVAILABLE
5721,OL106293W,LIB-005721,AVAILABLE
5722,OL21216897W,LIB-005722,AVAILABLE
5723,OL21216897W,LIB-005723,AVAILABLE
5724,OL21216897W,LIB-005724,AVAILABLE
5725,OL1875889W,LIB-005725,AVAILABLE
5726,OL1875889W,LIB-005726,AVAILABLE
5727,OL1875889W,LIB-005727,AVAILABLE
5728,OL1088357W,LIB-005728,AVAILABLE
5729,OL1088357W,LIB-005729,AVAILABLE
5730,OL1088357W,LIB-005730,AVAILABLE
5731,OL7952996W,LIB-005731,AVAILABLE
5732,OL7952996W,LIB-005732,AVAILABLE
5733,OL7952996W,LIB-005733,AVAILABLE
5734,OL16936216W,LIB-005734,AVAILABLE
5735,OL16936216W,LIB-005735,AVAILABLE
5736,OL16936216W,LIB-005736,AVAILABLE
5737,OL5827745W,LIB-005737,AVAILABLE
5738,OL5827745W,LIB-005738,AVAILABLE
5739,OL5827745W,LIB-005739,AVAILABLE
5740,OL6032481W,LIB-005740,AVAILABLE
5741,OL6032481W,LIB-005741,AVAILABLE
5742,OL6032481W,LIB-005742,AVAILABLE
5743,OL125118W,LIB-005743,AVAILABLE
5744,OL125118W,LIB-005744,AVAILABLE
5745,OL125118W,LIB-005745,AVAILABLE
5746,OL26128903W,LIB-005746,AVAILABLE
5747,OL26128903W,LIB-005747,AVAILABLE
5748,OL26128903W,LIB-005748,AVAILABLE
5749,OL27976274W,LIB-005749,AVAILABLE
5750,OL27976274W,LIB-005750,AVAILABLE
5751,OL27976274W,LIB-005751,AVAILABLE
5752,OL10672381W,LIB-005752,AVAILABLE
5753,OL10672381W,LIB-005753,AVAILABLE
5754,OL10672381W,LIB-005754,AVAILABLE
5755,OL804064W,LIB-005755,AVAILABLE
5756,OL804064W,LIB-005756,AVAILABLE
5757,OL804064W,LIB-005757,AVAILABLE
5758,OL1906484W,LIB-005758,AVAILABLE
5759,OL1906484W,LIB-005759,AVAILABLE
5760,OL1906484W,LIB-005760,AVAILABLE
5761,OL20168431W,LIB-005761,AVAILABLE
5762,OL20168431W,LIB-005762,AVAILABLE
5763,OL20168431W,LIB-005763,AVAILABLE
5764,OL15520720W,LIB-005764,AVAILABLE
5765,OL15520720W,LIB-005765,AVAILABLE
5766,OL15520720W,LIB-005766,AVAILABLE
5767,OL27783560W,LIB-005767,AVAILABLE
5768,OL27783560W,LIB-005768,AVAILABLE
5769,OL27783560W,LIB-005769,AVAILABLE
5770,OL17076301W,LIB-005770,AVAILABLE
5771,OL17076301W,LIB-005771,AVAILABLE
5772,OL17076301W,LIB-005772,AVAILABLE
5773,OL25713727W,LIB-005773,AVAILABLE
5774,OL25713727W,LIB-005774,AVAILABLE
5775,OL25713727W,LIB-005775,AVAILABLE
5776,OL4215998W,LIB-005776,AVAILABLE
5777,OL4215998W,LIB-005777,AVAILABLE
5778,OL4215998W,LIB-005778,AVAILABLE
5779,OL19978615W,LIB-005779,AVAILABLE
5780,OL19978615W,LIB-005780,AVAILABLE
5781,OL19978615W,LIB-005781,AVAILABLE
5782,OL35951962W,LIB-005782,AVAILABLE
5783,OL35951962W,LIB-005783,AVAILABLE
5784,OL35951962W,LIB-005784,AVAILABLE
5785,OL36436015W,LIB-005785,AVAILABLE
5786,OL36436015W,LIB-005786,AVAILABLE
5787,OL36436015W,LIB-005787,AVAILABLE
5788,OL20126932W,LIB-005788,AVAILABLE
5789,OL20126932W,LIB-005789,AVAILABLE
5790,OL20126932W,LIB-005790,AVAILABLE
5791,OL979517W,LIB-005791,AVAILABLE
5792,OL979517W,LIB-005792,AVAILABLE
5793,OL979517W,LIB-005793,AVAILABLE
5794,OL3458001W,LIB-005794,AVAILABLE
5795,OL3458001W,LIB-005795,AVAILABLE
5796,OL3458001W,LIB-005796,AVAILABLE
5797,OL20648056W,LIB-005797,AVAILABLE
5798,OL20648056W,LIB-005798,AVAILABLE
5799,OL20648056W,LIB-005799,AVAILABLE
5800,OL21201658W,LIB-005800,AVAILABLE
5801,OL21201658W,LIB-005801,AVAILABLE
5802,OL21201658W,LIB-005802,AVAILABLE
5803,OL7938488W,LIB-005803,AVAILABLE
5804,OL7938488W,LIB-005804,AVAILABLE
5805,OL7938488W,LIB-005805,AVAILABLE
5806,OL3510570W,LIB-005806,AVAILABLE
5807,OL3510570W,LIB-005807,AVAILABLE
5808,OL3510570W,LIB-005808,AVAILABLE
5809,OL17713267W,LIB-005809,AVAILABLE
5810,OL17713267W,LIB-005810,AVAILABLE
5811,OL17713267W,LIB-005811,AVAILABLE
5812,OL1897571W,LIB-005812,AVAILABLE
5813,OL1897571W,LIB-005813,AVAILABLE
5814,OL1897571W,LIB-005814,AVAILABLE
5815,OL5284572W,LIB-005815,AVAILABLE
5816,OL5284572W,LIB-005816,AVAILABLE
5817,OL5284572W,LIB-005817,AVAILABLE
5818,OL1828742W,LIB-005818,AVAILABLE
5819,OL1828742W,LIB-005819,AVAILABLE
5820,OL1828742W,LIB-005820,AVAILABLE
5821,OL3486272W,LIB-005821,AVAILABLE
5822,OL3486272W,LIB-005822,AVAILABLE
5823,OL3486272W,LIB-005823,AVAILABLE
5824,OL3369481W,LIB-005824,AVAILABLE
5825,OL3369481W,LIB-005825,AVAILABLE
5826,OL3369481W,LIB-005826,AVAILABLE
5827,OL12006819W,LIB-005827,AVAILABLE
5828,OL12006819W,LIB-005828,AVAILABLE
5829,OL12006819W,LIB-005829,AVAILABLE
5830,OL5911681W,LIB-005830,AVAILABLE
5831,OL5911681W,LIB-005831,AVAILABLE
5832,OL5911681W,LIB-005832,AVAILABLE
5833,OL20832067W,LIB-005833,AVAILABLE
5834,OL20832067W,LIB-005834,AVAILABLE
5835,OL20832067W,LIB-005835,AVAILABLE
5836,OL1593567W,LIB-005836,AVAILABLE
5837,OL1593567W,LIB-005837,AVAILABLE
5838,OL1593567W,LIB-005838,AVAILABLE
5839,OL1875878W,LIB-005839,AVAILABLE
5840,OL1875878W,LIB-005840,AVAILABLE
5841,OL1875878W,LIB-005841,AVAILABLE
5842,OL2771689W,LIB-005842,AVAILABLE
5843,OL2771689W,LIB-005843,AVAILABLE
5844,OL2771689W,LIB-005844,AVAILABLE
5845,OL59706W,LIB-005845,AVAILABLE
5846,OL59706W,LIB-005846,AVAILABLE
5847,OL59706W,LIB-005847,AVAILABLE
5848,OL28627483W,LIB-005848,AVAILABLE
5849,OL28627483W,LIB-005849,AVAILABLE
5850,OL28627483W,LIB-005850,AVAILABLE
5851,OL15370343W,LIB-005851,AVAILABLE
5852,OL15370343W,LIB-005852,AVAILABLE
5853,OL15370343W,LIB-005853,AVAILABLE
5854,OL3517771W,LIB-005854,AVAILABLE
5855,OL3517771W,LIB-005855,AVAILABLE
5856,OL3517771W,LIB-005856,AVAILABLE
5857,OL15086279W,LIB-005857,AVAILABLE
5858,OL15086279W,LIB-005858,AVAILABLE
5859,OL15086279W,LIB-005859,AVAILABLE
5860,OL54797W,LIB-005860,AVAILABLE
5861,OL54797W,LIB-005861,AVAILABLE
5862,OL54797W,LIB-005862,AVAILABLE
5863,OL894969W,LIB-005863,AVAILABLE
5864,OL894969W,LIB-005864,AVAILABLE
5865,OL894969W,LIB-005865,AVAILABLE
5866,OL6030223W,LIB-005866,AVAILABLE
5867,OL6030223W,LIB-005867,AVAILABLE
5868,OL6030223W,LIB-005868,AVAILABLE
5869,OL550047W,LIB-005869,AVAILABLE
5870,OL550047W,LIB-005870,AVAILABLE
5871,OL550047W,LIB-005871,AVAILABLE
5872,OL5857644W,LIB-005872,AVAILABLE
5873,OL5857644W,LIB-005873,AVAILABLE
5874,OL5857644W,LIB-005874,AVAILABLE
5875,OL16560339W,LIB-005875,AVAILABLE
5876,OL16560339W,LIB-005876,AVAILABLE
5877,OL16560339W,LIB-005877,AVAILABLE
5878,OL35529W,LIB-005878,AVAILABLE
5879,OL35529W,LIB-005879,AVAILABLE
5880,OL35529W,LIB-005880,AVAILABLE
5881,OL17778665W,LIB-005881,AVAILABLE
5882,OL17778665W,LIB-005882,AVAILABLE
5883,OL17778665W,LIB-005883,AVAILABLE
5884,OL472549W,LIB-005884,AVAILABLE
5885,OL472549W,LIB-005885,AVAILABLE
5886,OL472549W,LIB-005886,AVAILABLE
5887,OL20054195W,LIB-005887,AVAILABLE
5888,OL20054195W,LIB-005888,AVAILABLE
5889,OL20054195W,LIB-005889,AVAILABLE
5890,OL472542W,LIB-005890,AVAILABLE
5891,OL472542W,LIB-005891,AVAILABLE
5892,OL472542W,LIB-005892,AVAILABLE
5893,OL19161135W,LIB-005893,AVAILABLE
5894,OL19161135W,LIB-005894,AVAILABLE
5895,OL19161135W,LIB-005895,AVAILABLE
5896,OL2992677W,LIB-005896,AVAILABLE
5897,OL2992677W,LIB-005897,AVAILABLE
5898,OL2992677W,LIB-005898,AVAILABLE
5899,OL24178205W,LIB-005899,AVAILABLE
5900,OL24178205W,LIB-005900,AVAILABLE
5901,OL24178205W,LIB-005901,AVAILABLE
5902,OL17308344W,LIB-005902,AVAILABLE
5903,OL17308344W,LIB-005903,AVAILABLE
5904,OL17308344W,LIB-005904,AVAILABLE
5905,OL17455986W,LIB-005905,AVAILABLE
5906,OL17455986W,LIB-005906,AVAILABLE
5907,OL17455986W,LIB-005907,AVAILABLE
5908,OL17445946W,LIB-005908,AVAILABLE
5909,OL17445946W,LIB-005909,AVAILABLE
5910,OL17445946W,LIB-005910,AVAILABLE
5911,OL157199W,LIB-005911,AVAILABLE
5912,OL157199W,LIB-005912,AVAILABLE
5913,OL157199W,LIB-005913,AVAILABLE
5914,OL19761410W,LIB-005914,AVAILABLE
5915,OL19761410W,LIB-005915,AVAILABLE
5916,OL19761410W,LIB-005916,AVAILABLE
5917,OL12048393W,LIB-005917,AVAILABLE
5918,OL12048393W,LIB-005918,AVAILABLE
5919,OL12048393W,LIB-005919,AVAILABLE
5920,OL22670634W,LIB-005920,AVAILABLE
5921,OL22670634W,LIB-005921,AVAILABLE
5922,OL22670634W,LIB-005922,AVAILABLE
5923,OL2757655W,LIB-005923,AVAILABLE
5924,OL2757655W,LIB-005924,AVAILABLE
5925,OL2757655W,LIB-005925,AVAILABLE
5926,OL20020189W,LIB-005926,AVAILABLE
5927,OL20020189W,LIB-005927,AVAILABLE
5928,OL20020189W,LIB-005928,AVAILABLE
5929,OL14180W,LIB-005929,AVAILABLE
5930,OL14180W,LIB-005930,AVAILABLE
5931,OL14180W,LIB-005931,AVAILABLE
5932,OL46385W,LIB-005932,AVAILABLE
5933,OL46385W,LIB-005933,AVAILABLE
5934,OL46385W,LIB-005934,AVAILABLE
5935,OL1921064W,LIB-005935,AVAILABLE
5936,OL1921064W,LIB-005936,AVAILABLE
5937,OL1921064W,LIB-005937,AVAILABLE
5938,OL3279082W,LIB-005938,AVAILABLE
5939,OL3279082W,LIB-005939,AVAILABLE
5940,OL3279082W,LIB-005940,AVAILABLE
5941,OL20029303W,LIB-005941,AVAILABLE
5942,OL20029303W,LIB-005942,AVAILABLE
5943,OL20029303W,LIB-005943,AVAILABLE
5944,OL27968875W,LIB-005944,AVAILABLE
5945,OL27968875W,LIB-005945,AVAILABLE
5946,OL27968875W,LIB-005946,AVAILABLE
5947,OL2010882W,LIB-005947,AVAILABLE
5948,OL2010882W,LIB-005948,AVAILABLE
5949,OL2010882W,LIB-005949,AVAILABLE
5950,OL2825124W,LIB-005950,AVAILABLE
5951,OL2825124W,LIB-005951,AVAILABLE
5952,OL2825124W,LIB-005952,AVAILABLE
5953,OL20148038W,LIB-005953,AVAILABLE
5954,OL20148038W,LIB-005954,AVAILABLE
5955,OL20148038W,LIB-005955,AVAILABLE
5956,OL81597W,LIB-005956,AVAILABLE
5957,OL81597W,LIB-005957,AVAILABLE
5958,OL81597W,LIB-005958,AVAILABLE
5959,OL679300W,LIB-005959,AVAILABLE
5960,OL679300W,LIB-005960,AVAILABLE
5961,OL679300W,LIB-005961,AVAILABLE
5962,OL46374W,LIB-005962,AVAILABLE
5963,OL46374W,LIB-005963,AVAILABLE
5964,OL46374W,LIB-005964,AVAILABLE
5965,OL46398W,LIB-005965,AVAILABLE
5966,OL46398W,LIB-005966,AVAILABLE
5967,OL46398W,LIB-005967,AVAILABLE
5968,OL5959694W,LIB-005968,AVAILABLE
5969,OL5959694W,LIB-005969,AVAILABLE
5970,OL5959694W,LIB-005970,AVAILABLE
5971,OL11328452W,LIB-005971,AVAILABLE
5972,OL11328452W,LIB-005972,AVAILABLE
5973,OL11328452W,LIB-005973,AVAILABLE
5974,OL720121W,LIB-005974,AVAILABLE
5975,OL720121W,LIB-005975,AVAILABLE
5976,OL720121W,LIB-005976,AVAILABLE
5977,OL17855326W,LIB-005977,AVAILABLE
5978,OL17855326W,LIB-005978,AVAILABLE
5979,OL17855326W,LIB-005979,AVAILABLE
5980,OL5735360W,LIB-005980,AVAILABLE
5981,OL5735360W,LIB-005981,AVAILABLE
5982,OL5735360W,LIB-005982,AVAILABLE
5983,OL894218W,LIB-005983,AVAILABLE
5984,OL894218W,LIB-005984,AVAILABLE
5985,OL894218W,LIB-005985,AVAILABLE
5986,OL25687576W,LIB-005986,AVAILABLE
5987,OL25687576W,LIB-005987,AVAILABLE
5988,OL25687576W,LIB-005988,AVAILABLE
5989,OL26432522W,LIB-005989,AVAILABLE
5990,OL26432522W,LIB-005990,AVAILABLE
5991,OL26432522W,LIB-005991,AVAILABLE
5992,OL19423859W,LIB-005992,AVAILABLE
5993,OL19423859W,LIB-005993,AVAILABLE
5994,OL19423859W,LIB-005994,AVAILABLE
5995,OL42481402W,LIB-005995,AVAILABLE
5996,OL42481402W,LIB-005996,AVAILABLE
5997,OL42481402W,LIB-005997,AVAILABLE
5998,OL27033511W,LIB-005998,AVAILABLE
5999,OL27033511W,LIB-005999,AVAILABLE
6000,OL27033511W,LIB-006000,AVAILABLE
6001,OL17878702W,LIB-006001,AVAILABLE
6002,OL17878702W,LIB-006002,AVAILABLE
6003,OL17878702W,LIB-006003,AVAILABLE
6004,OL18312919W,LIB-006004,AVAILABLE
6005,OL18312919W,LIB-006005,AVAILABLE
6006,OL18312919W,LIB-006006,AVAILABLE
6007,OL5730763W,LIB-006007,AVAILABLE
6008,OL5730763W,LIB-006008,AVAILABLE
6009,OL5730763W,LIB-006009,AVAILABLE
6010,OL551319W,LIB-006010,AVAILABLE
6011,OL551319W,LIB-006011,AVAILABLE
6012,OL551319W,LIB-006012,AVAILABLE
6013,OL26201739W,LIB-006013,AVAILABLE
6014,OL26201739W,LIB-006014,AVAILABLE
6015,OL26201739W,LIB-006015,AVAILABLE
6016,OL15450W,LIB-006016,AVAILABLE
6017,OL15450W,LIB-006017,AVAILABLE
6018,OL15450W,LIB-006018,AVAILABLE
6019,OL35756566W,LIB-006019,AVAILABLE
6020,OL35756566W,LIB-006020,AVAILABLE
6021,OL35756566W,LIB-006021,AVAILABLE
6022,OL2964692W,LIB-006022,AVAILABLE
6023,OL2964692W,LIB-006023,AVAILABLE
6024,OL2964692W,LIB-006024,AVAILABLE
6025,OL267968W,LIB-006025,AVAILABLE
6026,OL267968W,LIB-006026,AVAILABLE
6027,OL267968W,LIB-006027,AVAILABLE
6028,OL25804409W,LIB-006028,AVAILABLE
6029,OL25804409W,LIB-006029,AVAILABLE
6030,OL25804409W,LIB-006030,AVAILABLE
6031,OL167157W,LIB-006031,AVAILABLE
6032,OL167157W,LIB-006032,AVAILABLE
6033,OL167157W,LIB-006033,AVAILABLE
6034,OL4322177W,LIB-006034,AVAILABLE
6035,OL4322177W,LIB-006035,AVAILABLE
6036,OL4322177W,LIB-006036,AVAILABLE
6037,OL492867W,LIB-006037,AVAILABLE
6038,OL492867W,LIB-006038,AVAILABLE
6039,OL492867W,LIB-006039,AVAILABLE
6040,OL16599873W,LIB-006040,AVAILABLE
6041,OL16599873W,LIB-006041,AVAILABLE
6042,OL16599873W,LIB-006042,AVAILABLE
6043,OL34616409W,LIB-006043,AVAILABLE
6044,OL34616409W,LIB-006044,AVAILABLE
6045,OL34616409W,LIB-006045,AVAILABLE
6046,OL405365W,LIB-006046,AVAILABLE
6047,OL405365W,LIB-006047,AVAILABLE
6048,OL405365W,LIB-006048,AVAILABLE
6049,OL1812933W,LIB-006049,AVAILABLE
6050,OL1812933W,LIB-006050,AVAILABLE
6051,OL1812933W,LIB-006051,AVAILABLE
6052,OL17384955W,LIB-006052,AVAILABLE
6053,OL17384955W,LIB-006053,AVAILABLE
6054,OL17384955W,LIB-006054,AVAILABLE
6055,OL1846076W,LIB-006055,AVAILABLE
6056,OL1846076W,LIB-006056,AVAILABLE
6057,OL1846076W,LIB-006057,AVAILABLE
6058,OL453711W,LIB-006058,AVAILABLE
6059,OL453711W,LIB-006059,AVAILABLE
6060,OL453711W,LIB-006060,AVAILABLE
6061,OL8455255W,LIB-006061,AVAILABLE
6062,OL8455255W,LIB-006062,AVAILABLE
6063,OL8455255W,LIB-006063,AVAILABLE
6064,OL81631W,LIB-006064,AVAILABLE
6065,OL81631W,LIB-006065,AVAILABLE
6066,OL81631W,LIB-006066,AVAILABLE
6067,OL782867W,LIB-006067,AVAILABLE
6068,OL782867W,LIB-006068,AVAILABLE
6069,OL782867W,LIB-006069,AVAILABLE
6070,OL16681334W,LIB-006070,AVAILABLE
6071,OL16681334W,LIB-006071,AVAILABLE
6072,OL16681334W,LIB-006072,AVAILABLE
6073,OL16036094W,LIB-006073,AVAILABLE
6074,OL16036094W,LIB-006074,AVAILABLE
6075,OL16036094W,LIB-006075,AVAILABLE
6076,OL20151917W,LIB-006076,AVAILABLE
6077,OL20151917W,LIB-006077,AVAILABLE
6078,OL20151917W,LIB-006078,AVAILABLE
6079,OL65430W,LIB-006079,AVAILABLE
6080,OL65430W,LIB-006080,AVAILABLE
6081,OL65430W,LIB-006081,AVAILABLE
6082,OL98942W,LIB-006082,AVAILABLE
6083,OL98942W,LIB-006083,AVAILABLE
6084,OL98942W,LIB-006084,AVAILABLE
6085,OL817959W,LIB-006085,AVAILABLE
6086,OL817959W,LIB-006086,AVAILABLE
6087,OL817959W,LIB-006087,AVAILABLE
6088,OL5732639W,LIB-006088,AVAILABLE
6089,OL5732639W,LIB-006089,AVAILABLE
6090,OL5732639W,LIB-006090,AVAILABLE
6091,OL3684889W,LIB-006091,AVAILABLE
6092,OL3684889W,LIB-006092,AVAILABLE
6093,OL3684889W,LIB-006093,AVAILABLE
6094,OL16671669W,LIB-006094,AVAILABLE
6095,OL16671669W,LIB-006095,AVAILABLE
6096,OL16671669W,LIB-006096,AVAILABLE
6097,OL17323489W,LIB-006097,AVAILABLE
6098,OL17323489W,LIB-006098,AVAILABLE
6099,OL17323489W,LIB-006099,AVAILABLE
6100,OL498793W,LIB-006100,AVAILABLE
6101,OL498793W,LIB-006101,AVAILABLE
6102,OL498793W,LIB-006102,AVAILABLE
6103,OL33775087W,LIB-006103,AVAILABLE
6104,OL33775087W,LIB-006104,AVAILABLE
6105,OL33775087W,LIB-006105,AVAILABLE
6106,OL720119W,LIB-006106,AVAILABLE
6107,OL720119W,LIB-006107,AVAILABLE
6108,OL720119W,LIB-006108,AVAILABLE
6109,OL792952W,LIB-006109,AVAILABLE
6110,OL792952W,LIB-006110,AVAILABLE
6111,OL792952W,LIB-006111,AVAILABLE
6112,OL88637W,LIB-006112,AVAILABLE
6113,OL88637W,LIB-006113,AVAILABLE
6114,OL88637W,LIB-006114,AVAILABLE
6115,OL17797857W,LIB-006115,AVAILABLE
6116,OL17797857W,LIB-006116,AVAILABLE
6117,OL17797857W,LIB-006117,AVAILABLE
6118,OL9173933W,LIB-006118,AVAILABLE
6119,OL9173933W,LIB-006119,AVAILABLE
6120,OL9173933W,LIB-006120,AVAILABLE
6121,OL3254540W,LIB-006121,AVAILABLE
6122,OL3254540W,LIB-006122,AVAILABLE
6123,OL3254540W,LIB-006123,AVAILABLE
6124,OL82548W,LIB-006124,AVAILABLE
6125,OL82548W,LIB-006125,AVAILABLE
6126,OL82548W,LIB-006126,AVAILABLE
6127,OL181084W,LIB-006127,AVAILABLE
6128,OL181084W,LIB-006128,AVAILABLE
6129,OL181084W,LIB-006129,AVAILABLE
6130,OL1988290W,LIB-006130,AVAILABLE
6131,OL1988290W,LIB-006131,AVAILABLE
6132,OL1988290W,LIB-006132,AVAILABLE
6133,OL15144803W,LIB-006133,AVAILABLE
6134,OL15144803W,LIB-006134,AVAILABLE
6135,OL15144803W,LIB-006135,AVAILABLE
6136,OL15742253W,LIB-006136,AVAILABLE
6137,OL15742253W,LIB-006137,AVAILABLE
6138,OL15742253W,LIB-006138,AVAILABLE
6139,OL262463W,LIB-006139,AVAILABLE
6140,OL262463W,LIB-006140,AVAILABLE
6141,OL262463W,LIB-006141,AVAILABLE
6142,OL26181486W,LIB-006142,AVAILABLE
6143,OL26181486W,LIB-006143,AVAILABLE
6144,OL26181486W,LIB-006144,AVAILABLE
6145,OL14168W,LIB-006145,AVAILABLE
6146,OL14168W,LIB-006146,AVAILABLE
6147,OL14168W,LIB-006147,AVAILABLE
6148,OL64365W,LIB-006148,AVAILABLE
6149,OL64365W,LIB-006149,AVAILABLE
6150,OL64365W,LIB-006150,AVAILABLE
6151,OL20354499W,LIB-006151,AVAILABLE
6152,OL20354499W,LIB-006152,AVAILABLE
6153,OL20354499W,LIB-006153,AVAILABLE
6154,OL8051649W,LIB-006154,AVAILABLE
6155,OL8051649W,LIB-006155,AVAILABLE
6156,OL8051649W,LIB-006156,AVAILABLE
6157,OL8558571W,LIB-006157,AVAILABLE
6158,OL8558571W,LIB-006158,AVAILABLE
6159,OL8558571W,LIB-006159,AVAILABLE
6160,OL15094332W,LIB-006160,AVAILABLE
6161,OL15094332W,LIB-006161,AVAILABLE
6162,OL15094332W,LIB-006162,AVAILABLE
6163,OL26750972W,LIB-006163,AVAILABLE
6164,OL26750972W,LIB-006164,AVAILABLE
6165,OL26750972W,LIB-006165,AVAILABLE
6166,OL12129731W,LIB-006166,AVAILABLE
6167,OL12129731W,LIB-006167,AVAILABLE
6168,OL12129731W,LIB-006168,AVAILABLE
6169,OL103134W,LIB-006169,AVAILABLE
6170,OL103134W,LIB-006170,AVAILABLE
6171,OL103134W,LIB-006171,AVAILABLE
6172,OL34113490W,LIB-006172,AVAILABLE
6173,OL34113490W,LIB-006173,AVAILABLE
6174,OL34113490W,LIB-006174,AVAILABLE
6175,OL4117552W,LIB-006175,AVAILABLE
6176,OL4117552W,LIB-006176,AVAILABLE
6177,OL4117552W,LIB-006177,AVAILABLE
6178,OL81609W,LIB-006178,AVAILABLE
6179,OL81609W,LIB-006179,AVAILABLE
6180,OL81609W,LIB-006180,AVAILABLE
6181,OL40879W,LIB-006181,AVAILABLE
6182,OL40879W,LIB-006182,AVAILABLE
6183,OL40879W,LIB-006183,AVAILABLE
6184,OL2010893W,LIB-006184,AVAILABLE
6185,OL2010893W,LIB-006185,AVAILABLE
6186,OL2010893W,LIB-006186,AVAILABLE
6187,OL3770466W,LIB-006187,AVAILABLE
6188,OL3770466W,LIB-006188,AVAILABLE
6189,OL3770466W,LIB-006189,AVAILABLE
6190,OL192067W,LIB-006190,AVAILABLE
6191,OL192067W,LIB-006191,AVAILABLE
6192,OL192067W,LIB-006192,AVAILABLE
6193,OL3496164W,LIB-006193,AVAILABLE
6194,OL3496164W,LIB-006194,AVAILABLE
6195,OL3496164W,LIB-006195,AVAILABLE
6196,OL1846069W,LIB-006196,AVAILABLE
6197,OL1846069W,LIB-006197,AVAILABLE
6198,OL1846069W,LIB-006198,AVAILABLE
6199,OL19003W,LIB-006199,AVAILABLE
6200,OL19003W,LIB-006200,AVAILABLE
6201,OL19003W,LIB-006201,AVAILABLE
6202,OL3946622W,LIB-006202,AVAILABLE
6203,OL3946622W,LIB-006203,AVAILABLE
6204,OL3946622W,LIB-006204,AVAILABLE
6205,OL28986W,LIB-006205,AVAILABLE
6206,OL28986W,LIB-006206,AVAILABLE
6207,OL28986W,LIB-006207,AVAILABLE
6208,OL5091273W,LIB-006208,AVAILABLE
6209,OL5091273W,LIB-006209,AVAILABLE
6210,OL5091273W,LIB-006210,AVAILABLE
6211,OL17422847W,LIB-006211,AVAILABLE
6212,OL17422847W,LIB-006212,AVAILABLE
6213,OL17422847W,LIB-006213,AVAILABLE
6214,OL2859657W,LIB-006214,AVAILABLE
6215,OL2859657W,LIB-006215,AVAILABLE
6216,OL2859657W,LIB-006216,AVAILABLE
6217,OL88639W,LIB-006217,AVAILABLE
6218,OL88639W,LIB-006218,AVAILABLE
6219,OL88639W,LIB-006219,AVAILABLE
6220,OL26419632W,LIB-006220,AVAILABLE
6221,OL26419632W,LIB-006221,AVAILABLE
6222,OL26419632W,LIB-006222,AVAILABLE
6223,OL149144W,LIB-006223,AVAILABLE
6224,OL149144W,LIB-006224,AVAILABLE
6225,OL149144W,LIB-006225,AVAILABLE
6226,OL2647487W,LIB-006226,AVAILABLE
6227,OL2647487W,LIB-006227,AVAILABLE
6228,OL2647487W,LIB-006228,AVAILABLE
6229,OL13680507W,LIB-006229,AVAILABLE
6230,OL13680507W,LIB-006230,AVAILABLE
6231,OL13680507W,LIB-006231,AVAILABLE
6232,OL2859681W,LIB-006232,AVAILABLE
6233,OL2859681W,LIB-006233,AVAILABLE
6234,OL2859681W,LIB-006234,AVAILABLE
6235,OL20168722W,LIB-006235,AVAILABLE
6236,OL20168722W,LIB-006236,AVAILABLE
6237,OL20168722W,LIB-006237,AVAILABLE
6238,OL8472271W,LIB-006238,AVAILABLE
6239,OL8472271W,LIB-006239,AVAILABLE
6240,OL8472271W,LIB-006240,AVAILABLE
6241,OL1821255W,LIB-006241,AVAILABLE
6242,OL1821255W,LIB-006242,AVAILABLE
6243,OL1821255W,LIB-006243,AVAILABLE
6244,OL27841928W,LIB-006244,AVAILABLE
6245,OL27841928W,LIB-006245,AVAILABLE
6246,OL27841928W,LIB-006246,AVAILABLE
6247,OL25774130W,LIB-006247,AVAILABLE
6248,OL25774130W,LIB-006248,AVAILABLE
6249,OL25774130W,LIB-006249,AVAILABLE
6250,OL259026W,LIB-006250,AVAILABLE
6251,OL259026W,LIB-006251,AVAILABLE
6252,OL259026W,LIB-006252,AVAILABLE
6253,OL23738W,LIB-006253,AVAILABLE
6254,OL23738W,LIB-006254,AVAILABLE
6255,OL23738W,LIB-006255,AVAILABLE
6256,OL4809317W,LIB-006256,AVAILABLE
6257,OL4809317W,LIB-006257,AVAILABLE
6258,OL4809317W,LIB-006258,AVAILABLE
6259,OL497158W,LIB-006259,AVAILABLE
6260,OL497158W,LIB-006260,AVAILABLE
6261,OL497158W,LIB-006261,AVAILABLE
6262,OL1820645W,LIB-006262,AVAILABLE
6263,OL1820645W,LIB-006263,AVAILABLE
6264,OL1820645W,LIB-006264,AVAILABLE
6265,OL17842319W,LIB-006265,AVAILABLE
6266,OL17842319W,LIB-006266,AVAILABLE
6267,OL17842319W,LIB-006267,AVAILABLE
6268,OL21025633W,LIB-006268,AVAILABLE
6269,OL21025633W,LIB-006269,AVAILABLE
6270,OL21025633W,LIB-006270,AVAILABLE
6271,OL16117201W,LIB-006271,AVAILABLE
6272,OL16117201W,LIB-006272,AVAILABLE
6273,OL16117201W,LIB-006273,AVAILABLE
6274,OL1923013W,LIB-006274,AVAILABLE
6275,OL1923013W,LIB-006275,AVAILABLE
6276,OL1923013W,LIB-006276,AVAILABLE
6277,OL15027818W,LIB-006277,AVAILABLE
6278,OL15027818W,LIB-006278,AVAILABLE
6279,OL15027818W,LIB-006279,AVAILABLE
6280,OL2859667W,LIB-006280,AVAILABLE
6281,OL2859667W,LIB-006281,AVAILABLE
6282,OL2859667W,LIB-006282,AVAILABLE
6283,OL42406707W,LIB-006283,AVAILABLE
6284,OL42406707W,LIB-006284,AVAILABLE
6285,OL42406707W,LIB-006285,AVAILABLE
6286,OL17323751W,LIB-006286,AVAILABLE
6287,OL17323751W,LIB-006287,AVAILABLE
6288,OL17323751W,LIB-006288,AVAILABLE
6289,OL16178746W,LIB-006289,AVAILABLE
6290,OL16178746W,LIB-006290,AVAILABLE
6291,OL16178746W,LIB-006291,AVAILABLE
6292,OL42413995W,LIB-006292,AVAILABLE
6293,OL42413995W,LIB-006293,AVAILABLE
6294,OL42413995W,LIB-006294,AVAILABLE
6295,OL11643929W,LIB-006295,AVAILABLE
6296,OL11643929W,LIB-006296,AVAILABLE
6297,OL11643929W,LIB-006297,AVAILABLE
6298,OL14975232W,LIB-006298,AVAILABLE
6299,OL14975232W,LIB-006299,AVAILABLE
6300,OL14975232W,LIB-006300,AVAILABLE
6301,OL7971356W,LIB-006301,AVAILABLE
6302,OL7971356W,LIB-006302,AVAILABLE
6303,OL7971356W,LIB-006303,AVAILABLE
6304,OL57884W,LIB-006304,AVAILABLE
6305,OL57884W,LIB-006305,AVAILABLE
6306,OL57884W,LIB-006306,AVAILABLE
6307,OL1892630W,LIB-006307,AVAILABLE
6308,OL1892630W,LIB-006308,AVAILABLE
6309,OL1892630W,LIB-006309,AVAILABLE
6310,OL2859674W,LIB-006310,AVAILABLE
6311,OL2859674W,LIB-006311,AVAILABLE
6312,OL2859674W,LIB-006312,AVAILABLE
6313,OL650351W,LIB-006313,AVAILABLE
6314,OL650351W,LIB-006314,AVAILABLE
6315,OL650351W,LIB-006315,AVAILABLE
6316,OL17850410W,LIB-006316,AVAILABLE
6317,OL17850410W,LIB-006317,AVAILABLE
6318,OL17850410W,LIB-006318,AVAILABLE
6319,OL3155000W,LIB-006319,AVAILABLE
6320,OL3155000W,LIB-006320,AVAILABLE
6321,OL3155000W,LIB-006321,AVAILABLE
6322,OL36775388W,LIB-006322,AVAILABLE
6323,OL36775388W,LIB-006323,AVAILABLE
6324,OL36775388W,LIB-006324,AVAILABLE
6325,OL46241W,LIB-006325,AVAILABLE
6326,OL46241W,LIB-006326,AVAILABLE
6327,OL46241W,LIB-006327,AVAILABLE
